keyword,result_id,type,title,link,authors,journal,year,snippet,full_abstract,publication,cited_by,cited_by_link,related_pages_link,versions_link,pdf_url
Geographical tourism,0aXoZVf-oFMJ,,Tourism and the environment: A geographical perspective,https://www.tandfonline.com/doi/abs/10.1080/14616680050082553,RW Butler,Tourism geographies,2000,"… of geography in the United Kingdom, the approach taken is a global, rather than a national, one. Many of the issues relating to tourism … , however, that while geography in the UK has a …",,"RW Butler - Tourism geographies, 2000 - Taylor & Francis",225,"https://scholar.google.com/scholar?cites=6026095952747079121&as_sdt=5,39&sciodt=0,39&hl=en&num=20","https://scholar.google.com/scholar?q=related:0aXoZVf-oFMJ:scholar.google.com/&scioq=Geographical+tourism&hl=en&num=20&as_sdt=0,39","https://scholar.google.com/scholar?cluster=6026095952747079121&hl=en&num=20&as_sdt=0,39",
Geographical tourism,7zR0dN-q_p4J,Book,Tourism today. A geographical analysis.,https://www.cabidigitallibrary.org/doi/full/10.5555/19871842999,DG Pearce,1987,1987,"… geographical dimensions of tourism, emphasizing general patterns and processes drawn from a wide range of empirical studies, geographical … Selected tourist flows at various scales, …",,DG Pearce - 1987 - cabidigitallibrary.org,1468,"https://scholar.google.com/scholar?cites=11456782378785322223&as_sdt=5,39&sciodt=0,39&hl=en&num=20","https://scholar.google.com/scholar?q=related:7zR0dN-q_p4J:scholar.google.com/&scioq=Geographical+tourism&hl=en&num=20&as_sdt=0,39","https://scholar.google.com/scholar?cluster=11456782378785322223&hl=en&num=20&as_sdt=0,39",
Geographical tourism,BALCD--RE1gJ,Book,Critical issues in tourism: A geographical perspective.,https://www.cabidigitallibrary.org/doi/full/10.5555/19941805547,"G Shaw, AM Williams",1994,1994,"… issues that tourism raises are of critical and vital importance throughout the world: the book provides a geographical … of tourism and, in so doing, seeks to understand the ways in which …",,"G Shaw, AM Williams - 1994 - cabidigitallibrary.org",2239,"https://scholar.google.com/scholar?cites=6346576755842744836&as_sdt=5,39&sciodt=0,39&hl=en&num=20","https://scholar.google.com/scholar?q=related:BALCD--RE1gJ:scholar.google.com/&scioq=Geographical+tourism&hl=en&num=20&as_sdt=0,39","https://scholar.google.com/scholar?cluster=6346576755842744836&hl=en&num=20&as_sdt=0,39",
Geographical tourism,kzOSVVtSjCMJ,Pdf,Tourism development: A geographical perspective,https://www.academia.edu/download/80104169/1604.pdf,"KW Awang, WMW Hassan, MSM Zahari",Asian Social Science,2009,"… an effort to conceptualise tourism and development, and their interlinking features, within the broad geographical perspective. It suggests that, as an industry, tourism has evolved along …",,"KW Awang, WMW Hassan, MSM Zahari - Asian Social Science, 2009 - academia.edu",64,"https://scholar.google.com/scholar?cites=2561512840298115987&as_sdt=5,39&sciodt=0,39&hl=en&num=20","https://scholar.google.com/scholar?q=related:kzOSVVtSjCMJ:scholar.google.com/&scioq=Geographical+tourism&hl=en&num=20&as_sdt=0,39","https://scholar.google.com/scholar?cluster=2561512840298115987&hl=en&num=20&as_sdt=0,39",https://www.academia.edu/download/80104169/1604.pdf
Geographical tourism,FQ-weDXVnRwJ,Book,Tourism geography,https://api.taylorfrancis.com/content/books/mono/download?identifierName=doi&identifierValue=10.4324/9780203197554&type=googlepdf,SW Williams,2002,2002,"… If we limit ourselves to conventional geographic concerns for spatial patterns of people, resources and tourism flows, we gain only a partial view of what tourism is about. Geography has …",,SW Williams - 2002 - api.taylorfrancis.com,931,"https://scholar.google.com/scholar?cites=2062038630040342293&as_sdt=5,39&sciodt=0,39&hl=en&num=20","https://scholar.google.com/scholar?q=related:FQ-weDXVnRwJ:scholar.google.com/&scioq=Geographical+tourism&hl=en&num=20&as_sdt=0,39","https://scholar.google.com/scholar?cluster=2062038630040342293&hl=en&num=20&as_sdt=0,39",http://repo.lib.sab.ac.lk:8080/xmlui/bitstream/handle/123456789/1679/9780203197554_webpdf-1-13-35.pdf?sequence=1&isAllowed=y
Geographical tourism,aEg25ITlg1wJ,,The value and scope of geographical information systems in tourism management,https://www.tandfonline.com/doi/abs/10.1080/09669589908667327,D McAdam,Journal of Sustainable Tourism,1999,… One such technology is a geographical information system (GIS) and this paper will … of tourism development projects (TDPs).In order to evaluate the scope and value of GIS in tourism …,,"D McAdam - Journal of Sustainable Tourism, 1999 - Taylor & Francis",169,"https://scholar.google.com/scholar?cites=6666424232365672552&as_sdt=5,39&sciodt=0,39&hl=en&num=20","https://scholar.google.com/scholar?q=related:aEg25ITlg1wJ:scholar.google.com/&scioq=Geographical+tourism&hl=en&num=20&as_sdt=0,39","https://scholar.google.com/scholar?cluster=6666424232365672552&hl=en&num=20&as_sdt=0,39",https://www.tandfonline.com/doi/pdf/10.1080/09669589908667327
Geographical tourism,4Mu6owA8P8sJ,,Progress in tourism management: From the geography of tourism to geographies of tourism–A review,https://www.sciencedirect.com/science/article/pii/S0261517708000988,"CM Hall, SJ Page",Tourism management,2009,… Tourism Management paper seeks to review the development of geographical contributions to the study of tourism … Given the limited number of surveys of geography published in …,,"CM Hall, SJ Page - Tourism management, 2009 - Elsevier",420,"https://scholar.google.com/scholar?cites=14645490486676736992&as_sdt=5,39&sciodt=0,39&hl=en&num=20","https://scholar.google.com/scholar?q=related:4Mu6owA8P8sJ:scholar.google.com/&scioq=Geographical+tourism&hl=en&num=20&as_sdt=0,39","https://scholar.google.com/scholar?cluster=14645490486676736992&hl=en&num=20&as_sdt=0,39",https://www.storre.stir.ac.uk/bitstream/1893/652/1/JTMA-D-08-00071.pdf
Geographical tourism,RqH2HEVokpAJ,,Geographical consciousness and tourism experience,https://www.sciencedirect.com/science/article/pii/S0160738399001127,Y Li,Annals of tourism research,2000,"… tourism experience Three interwoven concepts inform the main purpose of this study: tourism experience, geographical … There have been opposing definitions of tourism experience. For …",,"Y Li - Annals of tourism research, 2000 - Elsevier",565,"https://scholar.google.com/scholar?cites=10417503534109335878&as_sdt=5,39&sciodt=0,39&hl=en&num=20","https://scholar.google.com/scholar?q=related:RqH2HEVokpAJ:scholar.google.com/&scioq=Geographical+tourism&hl=en&num=20&as_sdt=0,39","https://scholar.google.com/scholar?cluster=10417503534109335878&hl=en&num=20&as_sdt=0,39",
Geographical tourism,rcM5HWbIPigJ,Book,Sustainable tourism. A geographical perspective.,https://www.cabidigitallibrary.org/doi/full/10.5555/19991802517,"CM Hall, AA Lew",1998,1998,… tourism development. Individual chapters include: the geography of sustainable tourism … and ecotourism; sustainable tourism; tourism and sustainable development; tourism and the …,,"CM Hall, AA Lew - 1998 - cabidigitallibrary.org",783,"https://scholar.google.com/scholar?cites=2899975550975722413&as_sdt=5,39&sciodt=0,39&hl=en&num=20","https://scholar.google.com/scholar?q=related:rcM5HWbIPigJ:scholar.google.com/&scioq=Geographical+tourism&hl=en&num=20&as_sdt=0,39","https://scholar.google.com/scholar?cluster=2899975550975722413&hl=en&num=20&as_sdt=0,39",
Geographical tourism,Z0O_EFrMRHoJ,,"Weather, climate and tourism a geographical perspective",https://www.sciencedirect.com/science/article/pii/S0160738305000605,MBG Martín,Annals of tourism research,2005,"… tourism from the perspective of the geography of tourism and climatology. It analyzes the nature of the influence that climate has on tourism … to the requirements of tourism, and revealing …",,"MBG Martín - Annals of tourism research, 2005 - Elsevier",727,"https://scholar.google.com/scholar?cites=8810391458243625831&as_sdt=5,39&sciodt=0,39&hl=en&num=20","https://scholar.google.com/scholar?q=related:Z0O_EFrMRHoJ:scholar.google.com/&scioq=Geographical+tourism&hl=en&num=20&as_sdt=0,39","https://scholar.google.com/scholar?cluster=8810391458243625831&hl=en&num=20&as_sdt=0,39",
Geographical tourism,BjI-DDXXE3UJ,,Geography and tourism,https://www.sciencedirect.com/science/article/pii/016073839190039E,"LS Mitchell, PE Murphy",Annals of Tourism Research,1991,"… Tourism geography’s genealogy has been traced to the 1920s in the United … a tourism topic in a major US geographic journal was published in 1933, and a continuous thread of tourism …",,"LS Mitchell, PE Murphy - Annals of Tourism Research, 1991 - Elsevier",270,"https://scholar.google.com/scholar?cites=8436323149833712134&as_sdt=5,39&sciodt=0,39&hl=en&num=20","https://scholar.google.com/scholar?q=related:BjI-DDXXE3UJ:scholar.google.com/&scioq=Geographical+tourism&hl=en&num=20&as_sdt=0,39","https://scholar.google.com/scholar?cluster=8436323149833712134&hl=en&num=20&as_sdt=0,39",
Geographical tourism,s4i0qJjapOcJ,,The application of geographical information systems (GIS) in sustainable tourism planning: A review,https://www.tandfonline.com/doi/abs/10.1080/09669589908667333,"T Bahaire, M Elliott-White",Journal of Sustainable Tourism,1999,"… on the effect of planning decisions on the tourism resource. Furthermore, this … tourism resources are, how intensively the resource is used and so on. This suggests that geographical …",,"T Bahaire, M Elliott-White - Journal of Sustainable Tourism, 1999 - Taylor & Francis",449,"https://scholar.google.com/scholar?cites=16691706468142188723&as_sdt=5,39&sciodt=0,39&hl=en&num=20","https://scholar.google.com/scholar?q=related:s4i0qJjapOcJ:scholar.google.com/&scioq=Geographical+tourism&hl=en&num=20&as_sdt=0,39","https://scholar.google.com/scholar?cluster=16691706468142188723&hl=en&num=20&as_sdt=0,39",
Geographical tourism,QWR6jmGboVgJ,,Towards a geography of tourism,https://www.sciencedirect.com/science/article/pii/0160738379901014,DG Pearce,Annals of Tourism Research,1979,"… a Geography of Tourism,"" Annals of Tourism Research, July/… geographical interest in tourism during the past half century and examines the range and scope of the geography of tourism. …",,"DG Pearce - Annals of Tourism Research, 1979 - Elsevier",313,"https://scholar.google.com/scholar?cites=6386556589892592705&as_sdt=5,39&sciodt=0,39&hl=en&num=20","https://scholar.google.com/scholar?q=related:QWR6jmGboVgJ:scholar.google.com/&scioq=Geographical+tourism&hl=en&num=20&as_sdt=0,39","https://scholar.google.com/scholar?cluster=6386556589892592705&hl=en&num=20&as_sdt=0,39",
Geographical tourism,2Nps2zyPNLsJ,,Tourism and sustainable water supply in Mallorca: a geographical analysis,https://www.sciencedirect.com/science/article/pii/S0143622802000504,"M Kent, R Newnham, S Essex",Applied geography,2002,… in tourist resorts are becoming an increasingly common and important issue in applied geography and … This paper examines the relationships between tourism and water supply on the …,,"M Kent, R Newnham, S Essex - Applied geography, 2002 - Elsevier",226,"https://scholar.google.com/scholar?cites=13489564275423632088&as_sdt=5,39&sciodt=0,39&hl=en&num=20","https://scholar.google.com/scholar?q=related:2Nps2zyPNLsJ:scholar.google.com/&scioq=Geographical+tourism&hl=en&num=20&as_sdt=0,39","https://scholar.google.com/scholar?cluster=13489564275423632088&hl=en&num=20&as_sdt=0,39",
Geographical tourism,Ux8Z-5_nZ40J,,Tourism and the geographical imagination,https://www.tandfonline.com/doi/abs/10.1080/02614369100390291,G Hughes,Leisure studies,1992,… here that this 'tourist map' is an apt metaphor to describe a geography of the imagination… tourism in this process of transformation and the implications this may have for the geographical …,,"G Hughes - Leisure studies, 1992 - Taylor & Francis",210,"https://scholar.google.com/scholar?cites=10189367356247580499&as_sdt=5,39&sciodt=0,39&hl=en&num=20","https://scholar.google.com/scholar?q=related:Ux8Z-5_nZ40J:scholar.google.com/&scioq=Geographical+tourism&hl=en&num=20&as_sdt=0,39","https://scholar.google.com/scholar?cluster=10189367356247580499&hl=en&num=20&as_sdt=0,39",
Geographical tourism,l1YIOE7Sq28J,,"Geographical research on tourism, recreation and leisure: origins, eras and directions",https://www.tandfonline.com/doi/abs/10.1080/1461668042000208453,R Butler,Tourism Geographies,2004,… in the Annals of Tourism Research in 1979 on ‘The geography of tourism: an introduction’ … of Tourism Research (with Murphy in 1991). The special issues of Annals of Tourism Research …,,"R Butler - Tourism Geographies, 2004 - Taylor & Francis",189,"https://scholar.google.com/scholar?cites=8046756392616875671&as_sdt=5,39&sciodt=0,39&hl=en&num=20","https://scholar.google.com/scholar?q=related:l1YIOE7Sq28J:scholar.google.com/&scioq=Geographical+tourism&hl=en&num=20&as_sdt=0,39","https://scholar.google.com/scholar?cluster=8046756392616875671&hl=en&num=20&as_sdt=0,39",
Geographical tourism,7017Yc3gnaEJ,,Framing tourism geography: Notes from the underground,https://www.sciencedirect.com/science/article/pii/S0160738313000959,CM Hall,Annals of Tourism Research,2013,"… Tourism geography is a significant contributor to the study of tourism, yet is generally perceived as marginal to geography. The review frames contemporary tourism geography by …",,"CM Hall - Annals of Tourism Research, 2013 - Elsevier",154,"https://scholar.google.com/scholar?cites=11645711384158359023&as_sdt=5,39&sciodt=0,39&hl=en&num=20","https://scholar.google.com/scholar?q=related:7017Yc3gnaEJ:scholar.google.com/&scioq=Geographical+tourism&hl=en&num=20&as_sdt=0,39","https://scholar.google.com/scholar?cluster=11645711384158359023&hl=en&num=20&as_sdt=0,39",
Geographical tourism,LiJwyzYSAzwJ,Book,"The geography of tourism and recreation: Environment, place and space",https://api.taylorfrancis.com/content/books/mono/download?identifierName=doi&identifierValue=10.4324/9780203796092&type=googlepdf,"CM Hall, SJ Page",2014,2014,"… Geography of Tourism and Recreation provides students with a comprehensive introduction to the interrelationship between tourism, leisure and recreation from geographical … , tourism …",,"CM Hall, SJ Page - 2014 - api.taylorfrancis.com",3678,"https://scholar.google.com/scholar?cites=4324320093756465710&as_sdt=5,39&sciodt=0,39&hl=en&num=20","https://scholar.google.com/scholar?q=related:LiJwyzYSAzwJ:scholar.google.com/&scioq=Geographical+tourism&hl=en&num=20&as_sdt=0,39","https://scholar.google.com/scholar?cluster=4324320093756465710&hl=en&num=20&as_sdt=0,39",http://ndl.ethernet.edu.et/bitstream/123456789/18071/1/27.pdf
Geographical tourism,9IgPLwxwOt4J,,Historical and geographical context in festival tourism development,https://www.tandfonline.com/doi/abs/10.1080/1743873X.2011.611595,"L Ma, AA Lew",Journal of Heritage tourism,2012,"… tourist experience, though tourism is not necessarily a justification or goal of a festival. Tourism, … Within tourism studies, research on festival tourism is a specialty field that has steadily …",,"L Ma, AA Lew - Journal of Heritage tourism, 2012 - Taylor & Francis",166,"https://scholar.google.com/scholar?cites=16013234622700685556&as_sdt=5,39&sciodt=0,39&hl=en&num=20","https://scholar.google.com/scholar?q=related:9IgPLwxwOt4J:scholar.google.com/&scioq=Geographical+tourism&hl=en&num=20&as_sdt=0,39","https://scholar.google.com/scholar?cluster=16013234622700685556&hl=en&num=20&as_sdt=0,39",https://www.researchgate.net/profile/Alan-Lew/publication/241731392_Historical_and_geographical_context_in_festival_tourism_development/links/56a410de08aeef24c589d452/Historical-and-geographical-context-in-festival-tourism-development.pdf
Geographical tourism,PH7cTd83xxcJ,,"Tourism, capital, and place: Towards a critical geography of tourism",https://journals.sagepub.com/doi/abs/10.1068/d090451,S Britton,Environment and planning D: society and space,1991,"… In this essay I argue that the geographic study of tourism requires a more rigorous core of theory in order to conceptualise fully its role in capitalist accumulation, its economic dynamics, …",,"S Britton - Environment and planning D: society and space, 1991 - journals.sagepub.com",1751,"https://scholar.google.com/scholar?cites=1713399615461293628&as_sdt=5,39&sciodt=0,39&hl=en&num=20","https://scholar.google.com/scholar?q=related:PH7cTd83xxcJ:scholar.google.com/&scioq=Geographical+tourism&hl=en&num=20&as_sdt=0,39","https://scholar.google.com/scholar?cluster=1713399615461293628&hl=en&num=20&as_sdt=0,39",https://www.academia.edu/download/48868743/Tourism_capital__place-BRITTON_1990.pdf
Geographical tourism,pMBHffs3etQJ,,Geography and tourism,https://www.tandfonline.com/doi/abs/10.1080/00385417.1975.10640064,YK Yefremov,Soviet Geography,1975,… being displayed by various socio-geographic disciplines in the problems of tourism. Equal interest in these problems is being demonstrated by the physical branches of geography. …,,"YK Yefremov - Soviet Geography, 1975 - Taylor & Francis",11,"https://scholar.google.com/scholar?cites=15310611436477595812&as_sdt=5,31&sciodt=0,31&hl=en&num=20","https://scholar.google.com/scholar?q=related:pMBHffs3etQJ:scholar.google.com/&scioq=Geographical+tourism&hl=en&num=20&as_sdt=0,31",,
Geographical tourism,zasdfhHR8V4J,Pdf,"Festival tourism–the concept, key functions and dysfunctions in the context of tourism geography studies",https://www.researchgate.net/profile/Waldemar-Cudny/publication/256418083_Cudny_Waldemar_2013_FESTIVAL_TOURISM_-_THE_CONCEPT_KEY_FUNCTIONS_AND_DYSFUNCTIONS_IN_THE_CONTEXT_OF_TOURISM_GEOGRAPHY_STUDIES_GEOGRAFICKY_CASOPIS_GEOGRAPHICAL_JOURNAL_65_2013_2_105-118/links/00463523dae03ae73c000000/Cudny-Waldemar-2013-FESTIVAL-TOURISM-THE-CONCEPT-KEY-FUNCTIONS-AND-DYSFUNCTIONS-IN-THE-CONTEXT-OF-TOURISM-GEOGRAPHY-STUDIES-GEOGRAFICKY-CASOPIS-GEOGRAPHICAL-JOURNAL-65-2013-2-105-118.pdf?_sg%5B0%5D=started_experiment_milestone&origin=journalDetail,W Cudny,Geographical journal,2013,"… tourism. The aim of this article is to compensate for the shortage of geographical works concerning festival tourism… study in tourism geography, to provide the definition of festival tourism, …",,"W Cudny - Geographical journal, 2013 - researchgate.net",202,"https://scholar.google.com/scholar?cites=6841479182013017037&as_sdt=5,31&sciodt=0,31&hl=en&num=20","https://scholar.google.com/scholar?q=related:zasdfhHR8V4J:scholar.google.com/&scioq=Geographical+tourism&hl=en&num=20&as_sdt=0,31","https://scholar.google.com/scholar?cluster=6841479182013017037&hl=en&num=20&as_sdt=0,31",https://www.researchgate.net/profile/Waldemar-Cudny/publication/256418083_Cudny_Waldemar_2013_FESTIVAL_TOURISM_-_THE_CONCEPT_KEY_FUNCTIONS_AND_DYSFUNCTIONS_IN_THE_CONTEXT_OF_TOURISM_GEOGRAPHY_STUDIES_GEOGRAFICKY_CASOPIS_GEOGRAPHICAL_JOURNAL_65_2013_2_105-118/links/00463523dae03ae73c000000/Cudny-Waldemar-2013-FESTIVAL-TOURISM-THE-CONCEPT-KEY-FUNCTIONS-AND-DYSFUNCTIONS-IN-THE-CONTEXT-OF-TOURISM-GEOGRAPHY-STUDIES-GEOGRAFICKY-CASOPIS-GEOGRAPHICAL-JOURNAL-65-2013-2-105-118.pdf?_sg%5B0%5D=started_experiment_milestone&origin=journalDetail
Geographical tourism,Nu4K0PcI-tUJ,,Geography and tourism,https://almatourism.unibo.it/article/view/1713,GC Pellegrini,Almatourism-Journal of Tourism,2009,"… by the tourist is … , the tourism process enables to experience different realities, with particular reference to unusual landscapes, lifestyle and even cuisine. Although involving the tourist’s …",,"GC Pellegrini - Almatourism-Journal of Tourism, Culture and …, 2009 - almatourism.unibo.it",79,"https://scholar.google.com/scholar?cites=15418646134696635958&as_sdt=5,31&sciodt=0,31&hl=en&num=20","https://scholar.google.com/scholar?q=related:Nu4K0PcI-tUJ:scholar.google.com/&scioq=Geographical+tourism&hl=en&num=20&as_sdt=0,31","https://scholar.google.com/scholar?cluster=15418646134696635958&hl=en&num=20&as_sdt=0,31",https://almatourism.unibo.it/article/download/1713/1084
Geographical tourism,zsbRx1J_ShQJ,,Reconsidering the geography of tourism and contemporary mobility,https://onlinelibrary.wiley.com/doi/abs/10.1111/j.1745-5871.2005.00308.x,CM Hall,Geographical Research,2005,"… By placing mobility at the heart of our understanding of tourism, the geography of tourism may also be able to make a greater contribution to human geography, given the contemporary …",,"CM Hall - Geographical Research, 2005 - Wiley Online Library",387,"https://scholar.google.com/scholar?cites=1462121022551606990&as_sdt=5,31&sciodt=0,31&hl=en&num=20","https://scholar.google.com/scholar?q=related:zsbRx1J_ShQJ:scholar.google.com/&scioq=Geographical+tourism&hl=en&num=20&as_sdt=0,31","https://scholar.google.com/scholar?cluster=1462121022551606990&hl=en&num=20&as_sdt=0,31",ftp://ftp.puce.edu.ec/Facultades/CienciasHumanas/Ecoturismo/ArticulosTurismo/Art%C3%ADculos%20cient%C3%ADficos/Documentos%20generales/geografia_turismo_movilidad.pdf
Geographical tourism,MCHQgUky8kAJ,,Traditions and trends: A review of geographical scholarship in tourism,https://www.tandfonline.com/doi/abs/10.1080/14616680802643219,SK Nepal,Tourism Geographies,2009,"… Part Three outlines emerging trends in tourism geography and the … in tourism geography. With the exception of this journal, given the lack of a distinctly identifiable tourism geography …",,"SK Nepal - Tourism Geographies, 2009 - Taylor & Francis",63,"https://scholar.google.com/scholar?cites=4679858254083268912&as_sdt=5,31&sciodt=0,31&hl=en&num=20","https://scholar.google.com/scholar?q=related:MCHQgUky8kAJ:scholar.google.com/&scioq=Geographical+tourism&hl=en&num=20&as_sdt=0,31","https://scholar.google.com/scholar?cluster=4679858254083268912&hl=en&num=20&as_sdt=0,31",
Geographical tourism,_TOBLAgtbdkJ,Book,Worldwide destinations: The geography of travel and tourism,https://www.taylorfrancis.com/books/mono/10.4324/9781315697666/worldwide-destinations-brian-boniface-chris-cooper-robyn-cooper,"B Boniface, C Cooper, R Cooper",2016,2016,"… tourism demand, evaluating the many types of tourist attractions and examining the trends that may shape the future geography of tourism. … undertaking a course in travel and tourism. …",,"B Boniface, C Cooper, R Cooper - 2016 - taylorfrancis.com",1209,"https://scholar.google.com/scholar?cites=15667228191821476861&as_sdt=5,31&sciodt=0,31&hl=en&num=20","https://scholar.google.com/scholar?q=related:_TOBLAgtbdkJ:scholar.google.com/&scioq=Geographical+tourism&hl=en&num=20&as_sdt=0,31","https://scholar.google.com/scholar?cluster=15667228191821476861&hl=en&num=20&as_sdt=0,31",https://scholar.archive.org/work/j5uobw7445fnfcfqfwtbms6gky/access/wayback/https://s3-euw1-ap-pe-ws4-capi2-distribution-p.s3-eu-west-1.amazonaws.com/books/9780429259302/HUB/googleScholarPdf.pdf?response-content-disposition=attachment%3B%20filename%3D%229780429259302_googlepreview.pdf%22&response-content-type=application%2Fpdf&x-amz-security-token=IQoJb3JpZ2luX2VjEBEaCWV1LXdlc3QtMSJHMEUCIC4WWoXHM0aswYCO6XTAg%2B9mmbp8AK4gBy56Plj4M373AiEAxWl68KRbD0wQ45MKEKvbf0NSmM8ZrwTGdYZutEf19zoqtAMIShACGgwwMTIxNzcyNjQ1MTEiDNIXS2GWNNh2iOHLCyqRAxMNmA6yPl5QbL1z7feXwM8za%2Bo6EC5BqInuuzYh9mBfSUhnWaMkKnYcibpTOgpSudXxe5up8wrDkw%2BMvfgo8oA7xeZXvb8QjCy69KATA8Dpv9cg6RRM%2BG8cQqMG7MtelfHMTw8jQmWHVRMc7%2FfVx%2BdyfY7oX9z8DtB4G9b7pWV4X3IrsUJIgqlQe95uO0PSMdJiQsEIY4kd2oPAgySETSRgh8LK5cow8TMBoxnL6jG4ozEHy3wnt5dEpd0ppm5NoeJYBloc7VlYg5O12qKEtWXZOyAi%2FYEiehgr4QScl27XvlnU65%2BbadlrMJxQQX2A3DmGtPZVEWJmaHEoHLEfijxYq%2Fzeh%2Bg251W1OJQEvSGHkUdP%2FaVr3zE3JfYbveEY278ligiLLN%2Bq01ZXlIC3Bt2Tr%2Bt6jrOyCoUqVZR2fI2pK%2F70Pyf%2FaN2JEdp%2BRHlxRGZwl96pjgkG2YDuy98xgAXjiX7J7StVitiI8NWc2RaI7QAvBeC7bvb9g0OiTjE0jtNf%2FNVzAopFFH%2BlO88que1YMPqngvwFOusBATtltC9L7geIqrQWLkz7hlbi8A5ESygc1R3SkjQ7HSpyiF2kh5BpxBxTPwuFemw5a7lb0dZ1u8wz8rn%2B001QkBBEDOpemi80BjmweAGaclLRLr8A7PWAouCU1jS1nbk1TAviRtr%2BsTmZo0MaxwQ6CiQNoCuYvKqEko4VvkljyvI%2BUdpaOBOoAYy2CjWG5FZWyXrnlP0Yw3zM7hORirVIXbT91WOL0K3Vy3%2F8YRXVPKhintRH4bepnb3SBNga8x41vbCAmjQHcAiVZ2MDctJ7kT4ocUKkdn8CA8%2Fs%2BXh7%2B4%2BjFvfYfKbOXfQGJg%3D%3D&AWSAccessKeyId=ASIAQFVOSJ5733RPDEE7&Expires=1602869304&Signature=LsfK4RmTj9xPQl6Z1zfECC7C11c%3D
Geographical tourism,KER1Y5ONBk8J,,"Tourism geography education: Opportunities, obstacles and the production of tourism geographers",https://www.tandfonline.com/doi/abs/10.1080/14616680802643326,"DA Dornan, D Truly",Tourism Geographies,2009,"… the health of tourism geography education within geography departments in the … tourism geography. More importantly, this article addresses the issue of the future production of tourism …",,"DA Dornan, D Truly - Tourism Geographies, 2009 - Taylor & Francis",32,"https://scholar.google.com/scholar?cites=5694394443024909352&as_sdt=5,31&sciodt=0,31&hl=en&num=20","https://scholar.google.com/scholar?q=related:KER1Y5ONBk8J:scholar.google.com/&scioq=Geographical+tourism&hl=en&num=20&as_sdt=0,31","https://scholar.google.com/scholar?cluster=5694394443024909352&hl=en&num=20&as_sdt=0,31",
Geographical tourism,fN2rwf6LrC8J,,The geography of pilgrimage and tourism: Transformations and implications for applied geography,https://www.sciencedirect.com/science/article/pii/S0143622809000150,N Collins-Kreiner,Applied geography,2010,"… of pilgrimage and tourism and the implications of these types of travel on tourism planning and … century, the pilgrimage phenomenon tends toward a blurring of tourism and pilgrimage. …",,"N Collins-Kreiner - Applied geography, 2010 - Elsevier",411,"https://scholar.google.com/scholar?cites=3435274542064065916&as_sdt=5,31&sciodt=0,31&hl=en&num=20","https://scholar.google.com/scholar?q=related:fN2rwf6LrC8J:scholar.google.com/&scioq=Geographical+tourism&hl=en&num=20&as_sdt=0,31","https://scholar.google.com/scholar?cluster=3435274542064065916&hl=en&num=20&as_sdt=0,31",
Geographical tourism,6AdtV4-o-7QJ,,Violence and dispossession in tourism development: A critical geographical approach,https://www.tandfonline.com/doi/abs/10.1080/09669582.2017.1293401,"J Devine, D Ojeda",Journal of Sustainable Tourism,2017,"… post-colonialism, as well as geographical concepts like space, place, … geographical approach, contributing to new trends in tourism studies that delve into the violence inherent to tourism…",,"J Devine, D Ojeda - Journal of Sustainable Tourism, 2017 - Taylor & Francis",263,"https://scholar.google.com/scholar?cites=13041202479581956072&as_sdt=5,31&sciodt=0,31&hl=en&num=20","https://scholar.google.com/scholar?q=related:6AdtV4-o-7QJ:scholar.google.com/&scioq=Geographical+tourism&hl=en&num=20&as_sdt=0,31","https://scholar.google.com/scholar?cluster=13041202479581956072&hl=en&num=20&as_sdt=0,31",https://www.tandfonline.com/doi/pdf/10.1080/09669582.2017.1293401
Geographical tourism,UTKbLoclymEJ,,The impact of distance on tourism: a tourism geography law,https://www.taylorfrancis.com/chapters/edit/10.4324/9781003152453-8/impact-distance-tourism-tourism-geography-law-bob-mckercher,B McKercher,Tourism spaces,2021,"… of tourism, extending well beyond the volume of tourist movements. It also reflects changes in the types of tourist … This brief will explain how it applies to tourism. Waters (2017) indicates …",,"B McKercher - Tourism spaces, 2021 - taylorfrancis.com",120,"https://scholar.google.com/scholar?cites=7046485829507297873&as_sdt=5,31&sciodt=0,31&hl=en&num=20","https://scholar.google.com/scholar?q=related:UTKbLoclymEJ:scholar.google.com/&scioq=Geographical+tourism&hl=en&num=20&as_sdt=0,31","https://scholar.google.com/scholar?cluster=7046485829507297873&hl=en&num=20&as_sdt=0,31",
Geographical tourism,IQu5JRu5N0sJ,,Approach to formation of enogastronomic tourism based on the geographical indication system,https://geology-dnu.dp.ua/index.php/GG/article/view/969,"LY Matviichuk, MI Lepkyi, YY Dashchuk…",… Geology,2022,"… Changes in the tourism sector are the reasons for the development … tourist routes, related to the use of geographical indication system as a means of individualizing subjects of tourism. …",,"LY Matviichuk, MI Lepkyi, YY Dashchuk… - … Geology, Geography …, 2022 - geology-dnu.dp.ua",16,"https://scholar.google.com/scholar?cites=5420004202811820833&as_sdt=5,31&sciodt=0,31&hl=en&num=20","https://scholar.google.com/scholar?q=related:IQu5JRu5N0sJ:scholar.google.com/&scioq=Geographical+tourism&hl=en&num=20&as_sdt=0,31","https://scholar.google.com/scholar?cluster=5420004202811820833&hl=en&num=20&as_sdt=0,31",https://geology-dnu.dp.ua/index.php/GG/article/download/969/788
Geographical tourism,Xf4VOIkMvNcJ,Book,"Tourism geography: Critical understandings of place, space and experience",https://www.taylorfrancis.com/books/mono/10.4324/9780203743881/tourism-geography-stephen-williams,S Williams,2014,2014,"… definitions and concepts, along with an introduction to some of the major themes in contemporary geographic research on tourism, which are further developed in subsequent chapters …",,S Williams - 2014 - taylorfrancis.com,868,"https://scholar.google.com/scholar?cites=15545313797267127901&as_sdt=5,31&sciodt=0,31&hl=en&num=20","https://scholar.google.com/scholar?q=related:Xf4VOIkMvNcJ:scholar.google.com/&scioq=Geographical+tourism&hl=en&num=20&as_sdt=0,31","https://scholar.google.com/scholar?cluster=15545313797267127901&hl=en&num=20&as_sdt=0,31",http://ndl.ethernet.edu.et/bitstream/123456789/43715/1/60.Stephen%20Williams.pdf
Geographical tourism,oZ5vun88uAYJ,,Linking tourism to the sustainable development goals: A geographical perspective,https://www.tandfonline.com/doi/full/10.1080/14616688.2018.1434818,R Scheyvens,Tourism Geographies,2018,"… tourism geographers consider how we might utilise the SDGs to analyse the linkages between tourism … and linkages between the agriculture and tourism sectors in a particular country, …",,"R Scheyvens - Tourism Geographies, 2018 - Taylor & Francis",126,"https://scholar.google.com/scholar?cites=484203479228718753&as_sdt=5,31&sciodt=0,31&hl=en&num=20","https://scholar.google.com/scholar?q=related:oZ5vun88uAYJ:scholar.google.com/&scioq=Geographical+tourism&hl=en&num=20&as_sdt=0,31","https://scholar.google.com/scholar?cluster=484203479228718753&hl=en&num=20&as_sdt=0,31",https://www.researchgate.net/profile/Regina-Scheyvens-2/publication/323086477_Linking_tourism_to_the_sustainable_development_goals_a_geographical_perspective/links/63fe80d4b1704f343f8d42b8/Linking-tourism-to-the-sustainable-development-goals-a-geographical-perspective.pdf
Geographical tourism,h_9wmTnHhBsJ,Html,Geographical features of pilgrimage tourism (in the case of Kashkadarya region),https://cyberleninka.ru/article/n/geographical-features-of-pilgrimage-tourism-in-the-case-of-kashkadarya-region,IB Safarov,Экономика и социум,2023,"… Improving tourist activity through the development of tourism … objects, their economic geographical aspects, the analysis of … and natural geographical objects of pilgrimage tourism is …",,"IB Safarov - Экономика и социум, 2023 - cyberleninka.ru",42,"https://scholar.google.com/scholar?cites=1982928786151243655&as_sdt=5,31&sciodt=0,31&hl=en&num=20","https://scholar.google.com/scholar?q=related:h_9wmTnHhBsJ:scholar.google.com/&scioq=Geographical+tourism&hl=en&num=20&as_sdt=0,31",,
Geographical tourism,99I0ifjLFH0J,,The Geography of International Tourism. Resource Paper No. 76-1.,https://eric.ed.gov/?id=ED155110,IM Matley,1976,1976,… geography which have seen relatively recent development aS academic subjects are the geography of recreation and the geography of tourism.. … in tourism as an object of serious study. …,,IM Matley - 1976 - ERIC,170,"https://scholar.google.com/scholar?cites=9013053022589473527&as_sdt=5,31&sciodt=0,31&hl=en&num=20","https://scholar.google.com/scholar?q=related:99I0ifjLFH0J:scholar.google.com/&scioq=Geographical+tourism&hl=en&num=20&as_sdt=0,31","https://scholar.google.com/scholar?cluster=9013053022589473527&hl=en&num=20&as_sdt=0,31",https://files.eric.ed.gov/fulltext/ED155110.pdf
Geographical tourism,Cvo70hfvIywJ,,The geography of tourism: an introduction,https://www.sciencedirect.com/science/article/pii/0160738379901002,LS Mitchell,Annals of Tourism Research,1979,"… In conclusion, this special issue of Annals of Tourism Research on the Geography of Tourism presents a representative sample of the types of research being conducted by geographers…",,"LS Mitchell - Annals of Tourism Research, 1979 - Elsevier",98,"https://scholar.google.com/scholar?cites=3180648647444134410&as_sdt=5,31&sciodt=0,31&hl=en&num=20","https://scholar.google.com/scholar?q=related:Cvo70hfvIywJ:scholar.google.com/&scioq=Geographical+tourism&hl=en&num=20&as_sdt=0,31","https://scholar.google.com/scholar?cluster=3180648647444134410&hl=en&num=20&as_sdt=0,31",
Geographical tourism,mCtGBIQaGt4J,,Teaching tourism geography,https://www.tandfonline.com/doi/full/10.1080/14616680802643367,D Che,Tourism Geographies,2009,"… geography courses, and core courses, which include a mix of existing geography, tourism … Drawing from geography, THS specifically includes content on sustainability and the culture …",,"D Che - Tourism Geographies, 2009 - Taylor & Francis",31,"https://scholar.google.com/scholar?cites=16004133380124191640&as_sdt=5,31&sciodt=0,31&hl=en&num=20","https://scholar.google.com/scholar?q=related:mCtGBIQaGt4J:scholar.google.com/&scioq=Geographical+tourism&hl=en&num=20&as_sdt=0,31","https://scholar.google.com/scholar?cluster=16004133380124191640&hl=en&num=20&as_sdt=0,31",
Geographical tourism,CgL_dVVX1nUJ,,Accessibility of tourism space from a geographical perspective,https://www.ceeol.com/search/article-detail?id=664542,A Zajadacz,Turyzm,2014,"… geographical research (physical, socio-economic) allows this issue to be viewed systemically. Drawing on the fields of geography and accessible tourism, … accessibility of tourism space …",,"A Zajadacz - Turyzm, 2014 - ceeol.com",31,"https://scholar.google.com/scholar?cites=8491070172017132042&as_sdt=5,31&sciodt=0,31&hl=en&num=20","https://scholar.google.com/scholar?q=related:CgL_dVVX1nUJ:scholar.google.com/&scioq=Geographical+tourism&hl=en&num=20&as_sdt=0,31","https://scholar.google.com/scholar?cluster=8491070172017132042&hl=en&num=20&as_sdt=0,31",https://yadda.icm.edu.pl/cejsh/element/bwmeta1.element.ojs-doi-10_2478_tour-2014-0005/c/7547-7590.pdf
Geographical tourism,VKK2f1WfnlYJ,Book,A companion to tourism,https://books.google.com/books?hl=en&lr=&id=nePEB4e3Y0EC&oi=fnd&pg=PR5&dq=Geographical+tourism&ots=6490vZKaH5&sig=SalOr3VauJTVe09mLJYX7B5sqHI,"AA Lew, CM Hall, AM Williams",2008,2008,"… geography to our understanding of tourism. We recognize, of course, that geography does not have a monopoly on tourism … that tourism is intrinsically of concern to geography and geog…",,"AA Lew, CM Hall, AM Williams - 2008 - books.google.com",512,"https://scholar.google.com/scholar?cites=6241601323145798228&as_sdt=5,31&sciodt=0,31&hl=en&num=20","https://scholar.google.com/scholar?q=related:VKK2f1WfnlYJ:scholar.google.com/&scioq=Geographical+tourism&hl=en&num=20&as_sdt=0,31","https://scholar.google.com/scholar?cluster=6241601323145798228&hl=en&num=20&as_sdt=0,31",http://repository.mut.ac.ke:8080/xmlui/bitstream/handle/123456789/26/A%20Companion%20to%20Tourism%20%282004%29.pdf?sequence=1&isAllowed=y
Geographical tourism,AhxyZ3zn-aUJ,Html,The effects of local food and local products with geographical indication on the development of tourism gastronomy,https://www.mdpi.com/2071-1050/13/12/6692,"H Pamukçu, Ö Saraç, S Aytuğar, M Sandıkçı",Sustainability,2021,"… with geographical indication. … tourism is local products registered with geographical indications with an impact rate of 60%. The effect of local foods, registered with geographical …",,"H Pamukçu, Ö Saraç, S Aytuğar, M Sandıkçı - Sustainability, 2021 - mdpi.com",178,"https://scholar.google.com/scholar?cites=11959844806956555266&as_sdt=5,31&sciodt=0,31&hl=en&num=20","https://scholar.google.com/scholar?q=related:AhxyZ3zn-aUJ:scholar.google.com/&scioq=Geographical+tourism&hl=en&num=20&as_sdt=0,31","https://scholar.google.com/scholar?cluster=11959844806956555266&hl=en&num=20&as_sdt=0,31",
Geographical tourism,6fC4RUOLbFYJ,,The study of tourism in Britain—a geographical perspective,https://link.springer.com/article/10.1007/BF00518315,BS Duffield,GeoJournal,1984,… from other disciplines have often made significant contributions which extend our understanding of the geography of tourism in Britain and their work is instanced where appropriate. …,,"BS Duffield - GeoJournal, 1984 - Springer",29,"https://scholar.google.com/scholar?cites=6227505505795371241&as_sdt=2005&sciodt=0,5&hl=en&num=20","https://scholar.google.com/scholar?q=related:6fC4RUOLbFYJ:scholar.google.com/&scioq=Geographical+tourism&hl=en&num=20&as_sdt=0,5","https://scholar.google.com/scholar?cluster=6227505505795371241&hl=en&num=20&as_sdt=0,5",
Geographical tourism,dqv56WwfM44J,,The concept of tourism destination in the context of geographical space,https://journals.ysu.am/index.php/proceedings-geol-geogr/article/view/vol54_no3_2020_pp203-210,GP Aleksanyan,… of the YSU c: geological and geographical …,2020,"… Thus, based on the above, the task is to present the geographical content of the tourism destination in this article, in particular “is a tourism destination a kind of geographic space and …",,"GP Aleksanyan - … of the YSU c: geological and geographical …, 2020 - journals.ysu.am",13,"https://scholar.google.com/scholar?cites=10246568129840393078&as_sdt=2005&sciodt=0,5&hl=en&num=20","https://scholar.google.com/scholar?q=related:dqv56WwfM44J:scholar.google.com/&scioq=Geographical+tourism&hl=en&num=20&as_sdt=0,5","https://scholar.google.com/scholar?cluster=10246568129840393078&hl=en&num=20&as_sdt=0,5",https://journals.ysu.am/index.php/proceedings-geol-geogr/article/download/vol54_no3_2020_pp203-210/pdf
Geographical tourism,HdHxlswdMqgJ,,Rural tourism: from geographical constructs to models of development,https://link.springer.com/article/10.1134/S1875372821010145,"AI Zyrianov, VA Semiglazova",Geography and Natural Resources,2021,… and outline rural tourism as well as to identify its specifics through the tourism system as a … of economic geography are the most suitable for the study of rural tourism. GEOGRAPHIC …,,"AI Zyrianov, VA Semiglazova - Geography and Natural Resources, 2021 - Springer",11,"https://scholar.google.com/scholar?cites=12119782311750390045&as_sdt=2005&sciodt=0,5&hl=en&num=20","https://scholar.google.com/scholar?q=related:HdHxlswdMqgJ:scholar.google.com/&scioq=Geographical+tourism&hl=en&num=20&as_sdt=0,5","https://scholar.google.com/scholar?cluster=12119782311750390045&hl=en&num=20&as_sdt=0,5",
Geographical tourism,Evix34G0g5QJ,,A geographical approach to trust in tourism,https://www.tandfonline.com/doi/abs/10.1080/14616688.2019.1652337,"J Sun, Y Yang, A de Jong",Tourism Geographies,2020,… tourism project in … tourism research and geographical conceptualisations of trust is called for – as a way to attend to spatial and scalar differences in understanding of trust within tourism …,,"J Sun, Y Yang, A de Jong - Tourism Geographies, 2020 - Taylor & Francis",22,"https://scholar.google.com/scholar?cites=10701595609459193874&as_sdt=2005&sciodt=0,5&hl=en&num=20","https://scholar.google.com/scholar?q=related:Evix34G0g5QJ:scholar.google.com/&scioq=Geographical+tourism&hl=en&num=20&as_sdt=0,5","https://scholar.google.com/scholar?cluster=10701595609459193874&hl=en&num=20&as_sdt=0,5",https://eprints.gla.ac.uk/212467/7/212467.pdf
Geographical tourism,DimYuRpopoQJ,,Wine tourism development in South Africa: a geographical analysis,https://www.tandfonline.com/doi/abs/10.1080/14616688.2017.1298152,"SLA Ferreira, CA Hunter",Tourism Geographies,2017,… presents a geographical analysis of the development and current state of wine tourism in the region that can assist in the country's efforts to enhance and preserve wine tourism in the …,,"SLA Ferreira, CA Hunter - Tourism Geographies, 2017 - Taylor & Francis",143,"https://scholar.google.com/scholar?cites=9558441723132651790&as_sdt=2005&sciodt=0,5&hl=en&num=20","https://scholar.google.com/scholar?q=related:DimYuRpopoQJ:scholar.google.com/&scioq=Geographical+tourism&hl=en&num=20&as_sdt=0,5","https://scholar.google.com/scholar?cluster=9558441723132651790&hl=en&num=20&as_sdt=0,5",https://www.researchgate.net/profile/Sanette-Ferreira/publication/315348722_Wine_tourism_development_in_South_Africa_a_geographical_analysis/links/5c5ad4a192851c48a9bdb907/Wine-tourism-development-in-South-Africa-a-geographical-analysis.pdf
Geographical tourism,U_8cOedqnHsJ,,The use of geographical information systems for tourism marketing purposes in Aveiro region (Portugal),https://www.sciencedirect.com/science/article/pii/S2211973617301149,"H Albuquerque, C Costa, F Martins",Tourism management perspectives,2018,"… develop a geographic database, including all tourist sites in Petra city; to promote tourist sites … actual role of GIS applications in tourism marketing in the context of the continual growth of …",,"H Albuquerque, C Costa, F Martins - Tourism management perspectives, 2018 - Elsevier",124,"https://scholar.google.com/scholar?cites=8907111704360189779&as_sdt=2005&sciodt=0,5&hl=en&num=20","https://scholar.google.com/scholar?q=related:U_8cOedqnHsJ:scholar.google.com/&scioq=Geographical+tourism&hl=en&num=20&as_sdt=0,5","https://scholar.google.com/scholar?cluster=8907111704360189779&hl=en&num=20&as_sdt=0,5",https://www.academia.edu/download/112129331/2017_Albuquerque_etal_online.pdf
Geographical tourism,4Pm68njLrOAJ,,Geography: The substance of tourism,https://www.tandfonline.com/doi/full/10.1080/14616688.2017.1402948,DJ Timothy,Tourism Geographies,2018,"… subfields of geography, in shedding light on many aspects of tourism. There has been an increase in geographical analysis of tourism planning, urban development, tourism policy, and …",,"DJ Timothy - Tourism Geographies, 2018 - Taylor & Francis",36,"https://scholar.google.com/scholar?cites=16189538480818944480&as_sdt=2005&sciodt=0,5&hl=en&num=20","https://scholar.google.com/scholar?q=related:4Pm68njLrOAJ:scholar.google.com/&scioq=Geographical+tourism&hl=en&num=20&as_sdt=0,5","https://scholar.google.com/scholar?cluster=16189538480818944480&hl=en&num=20&as_sdt=0,5",https://www.tandfonline.com/doi/pdf/10.1080/14616688.2017.1402948
Geographical tourism,xJbmCeeHH2UJ,Book,"Tourism, performance, and place: A geographic perspective",https://api.taylorfrancis.com/content/books/mono/download?identifierName=doi&identifierValue=10.4324/9781315550701&type=googlepdf,"JM Rickly-Boyd, DC Knudsen, LC Braverman",2016,2016,… geographic perspectives are particularly attuned to consider a holistic analysis of tourism. … are also set within broader geographic scales and networks of which tourist flows are just one …,,"JM Rickly-Boyd, DC Knudsen, LC Braverman - 2016 - api.taylorfrancis.com",59,"https://scholar.google.com/scholar?cites=7286692148482053828&as_sdt=2005&sciodt=0,5&hl=en&num=20","https://scholar.google.com/scholar?q=related:xJbmCeeHH2UJ:scholar.google.com/&scioq=Geographical+tourism&hl=en&num=20&as_sdt=0,5","https://scholar.google.com/scholar?cluster=7286692148482053828&hl=en&num=20&as_sdt=0,5",https://api.taylorfrancis.com/content/books/mono/download?identifierName=doi&identifierValue=10.4324/9781315550701&type=googlepdf
Geographical tourism,5vXT7yQAa_AJ,,"Leisure, recreation, tourism: A geographic view on integration",https://www.sciencedirect.com/science/article/pii/0160738387901083,"M Jansen-Verbeke, A Dietvorst",Annals of Tourism Research,1987,"… focuses on some geographic perspectives to study the leisure, recreation, and tourism (LRT… experience, recreation activities, and tourism behavior has recently been faced with major …",,"M Jansen-Verbeke, A Dietvorst - Annals of Tourism Research, 1987 - Elsevier",84,"https://scholar.google.com/scholar?cites=17323940550253213158&as_sdt=2005&sciodt=0,5&hl=en&num=20","https://scholar.google.com/scholar?q=related:5vXT7yQAa_AJ:scholar.google.com/&scioq=Geographical+tourism&hl=en&num=20&as_sdt=0,5","https://scholar.google.com/scholar?cluster=17323940550253213158&hl=en&num=20&as_sdt=0,5",https://www.academia.edu/download/49283823/0160-7383_2887_2990108-320161002-756-in7lnn.pdf
Geographical tourism,Fnm5LBv6taoJ,Html,The emerging global tourism geography—An environmental sustainability perspective,https://www.mdpi.com/2071-1050/4/1/42,"P Peeters, M Landré",Sustainability,2011,… fail to clearly describe this geographical … tourism geography’ and shows how this may help to better understand the causes of the environmentally unsustainable development of tourism …,,"P Peeters, M Landré - Sustainability, 2011 - mdpi.com",116,"https://scholar.google.com/scholar?cites=12301012951853791510&as_sdt=2005&sciodt=0,5&hl=en&num=20","https://scholar.google.com/scholar?q=related:Fnm5LBv6taoJ:scholar.google.com/&scioq=Geographical+tourism&hl=en&num=20&as_sdt=0,5","https://scholar.google.com/scholar?cluster=12301012951853791510&hl=en&num=20&as_sdt=0,5",
Geographical tourism,FJvolCg-aLMJ,,Participatory approaches and geographical information systems (PAGIS) in tourism planning,https://www.tandfonline.com/doi/abs/10.1080/14616680500164666,"JC Hasse, S Milne",Tourism Geographies,2005,… This paper explores how participatory approaches (PA) and geographical information … towards tourism and enhance participation and stakeholder interaction in tourism planning. The …,,"JC Hasse, S Milne - Tourism Geographies, 2005 - Taylor & Francis",93,"https://scholar.google.com/scholar?cites=12927651074384894740&as_sdt=2005&sciodt=0,5&hl=en&num=20","https://scholar.google.com/scholar?q=related:FJvolCg-aLMJ:scholar.google.com/&scioq=Geographical+tourism&hl=en&num=20&as_sdt=0,5","https://scholar.google.com/scholar?cluster=12927651074384894740&hl=en&num=20&as_sdt=0,5",
Geographical tourism,Fb7LhOBLGa4J,Book,An historical geography of recreation and tourism in the western world: 1540-1940.,https://www.cabidigitallibrary.org/doi/full/10.5555/19971803038,J Towner,1996,1996,"… An historical geographical approach is applied to the field of recreation and tourism. A wide … The geographical focus is not restricted to Britain and Europe, as North America is …",,J Towner - 1996 - cabidigitallibrary.org,543,"https://scholar.google.com/scholar?cites=12545141664689929749&as_sdt=2005&sciodt=0,5&hl=en&num=20","https://scholar.google.com/scholar?q=related:Fb7LhOBLGa4J:scholar.google.com/&scioq=Geographical+tourism&hl=en&num=20&as_sdt=0,5","https://scholar.google.com/scholar?cluster=12545141664689929749&hl=en&num=20&as_sdt=0,5",
Geographical tourism,4lVhUpNao8YJ,Pdf,The importance of geographical indication in gastronomy tourism: Turkey,https://www.researchgate.net/profile/Seydi-Yikmis/publication/311705089_The_importance_of_geographical_indication_in_gastronomy_tourism_Turkey/links/5ad0d6ee0f7e9b285930e394/The-importance-of-geographical-indication-in-gastronomy-tourism-Turkey.pdf,"S Yıkmış, A Ünal",International Journal of Agricultural and Life …,2016,"… Turkey, as a country with rich natural and human resources has high product diversity which has geographical indications potentially. Geographical indication in gastronomy tourism is …",,"S Yıkmış, A Ünal - International Journal of Agricultural and Life …, 2016 - researchgate.net",35,"https://scholar.google.com/scholar?cites=14313383629502371298&as_sdt=2005&sciodt=0,5&hl=en&num=20","https://scholar.google.com/scholar?q=related:4lVhUpNao8YJ:scholar.google.com/&scioq=Geographical+tourism&hl=en&num=20&as_sdt=0,5","https://scholar.google.com/scholar?cluster=14313383629502371298&hl=en&num=20&as_sdt=0,5",https://www.researchgate.net/profile/Seydi-Yikmis/publication/311705089_The_importance_of_geographical_indication_in_gastronomy_tourism_Turkey/links/5ad0d6ee0f7e9b285930e394/The-importance-of-geographical-indication-in-gastronomy-tourism-Turkey.pdf
Geographical tourism,1DhMjf4_bj4J,,Research on the application of geographic information system in tourism management,https://www.sciencedirect.com/science/article/pii/S1878029612003957,W Wei,Procedia Environmental Sciences,2012,"… Information System (GIS) and Travel Geographic Information System (TGIS), this paper … geographic information system plays in tourism management. Tourism has a strong geographical …",,"W Wei - Procedia Environmental Sciences, 2012 - Elsevier",125,"https://scholar.google.com/scholar?cites=4498603440314530004&as_sdt=2005&sciodt=0,5&hl=en&num=20","https://scholar.google.com/scholar?q=related:1DhMjf4_bj4J:scholar.google.com/&scioq=Geographical+tourism&hl=en&num=20&as_sdt=0,5","https://scholar.google.com/scholar?cluster=4498603440314530004&hl=en&num=20&as_sdt=0,5",https://www.sciencedirect.com/science/article/pii/S1878029612003957/pdf?md5=682cf6c193aae604b0842d4e51ad1910&pid=1-s2.0-S1878029612003957-main.pdf
Geographical tourism,NjEc2BhR144J,,The Arctification of northern tourism: A longitudinal geographical analysis of firm names in Sweden,https://www.tandfonline.com/doi/abs/10.1080/1088937X.2022.2032449,"R Marjavaara, RO Nilsson, DK Müller",Polar Geography,2022,"… process among tourism firms in northern Sweden. Hence, the study’s geographical analysis … , a short background of tourism development will illustrate the study’s geographical context. …",,"R Marjavaara, RO Nilsson, DK Müller - Polar Geography, 2022 - Taylor & Francis",41,"https://scholar.google.com/scholar?cites=10292784640525349174&as_sdt=2005&sciodt=0,5&hl=en&num=20","https://scholar.google.com/scholar?q=related:NjEc2BhR144J:scholar.google.com/&scioq=Geographical+tourism&hl=en&num=20&as_sdt=0,5","https://scholar.google.com/scholar?cluster=10292784640525349174&hl=en&num=20&as_sdt=0,5",https://www.tandfonline.com/doi/pdf/10.1080/1088937X.2022.2032449
Geographical tourism,u9Tzbca2cM4J,,Geographical mapping of visitor flow in tourism: A user-generated content approach,https://journals.sagepub.com/doi/abs/10.1177/1354816618776749,"LK Cvelbar, M Mayr, D Vavpotic",Tourism Economics,2018,"… For decades, we have been treating destinations as rigorous geographical and … tourism and cater to the needs of those visitors, we have to understand groups of geographical …",,"LK Cvelbar, M Mayr, D Vavpotic - Tourism Economics, 2018 - journals.sagepub.com",36,"https://scholar.google.com/scholar?cites=14875590532569224379&as_sdt=2005&sciodt=0,5&hl=en&num=20","https://scholar.google.com/scholar?q=related:u9Tzbca2cM4J:scholar.google.com/&scioq=Geographical+tourism&hl=en&num=20&as_sdt=0,5","https://scholar.google.com/scholar?cluster=14875590532569224379&hl=en&num=20&as_sdt=0,5",https://www.academia.edu/download/87035655/135481661877674920220605-1-1i3fzen.pdf
Geographical tourism,vsG6MQIShCMJ,,Geographies of tourism development and planning,https://www.tandfonline.com/doi/abs/10.1080/14616688.2017.1307442%4010.1080/tfocoll.2023.0.issue-Tourism_Geographies_2023,"J Saarinen, CM Rogerson, CM Hall",Tourism Geographies,2017,… A brief overview of early phases and current directions of development and planning approaches in geographical tourism research shows how traditional approaches are still relevant. …,,"J Saarinen, CM Rogerson, CM Hall - Tourism Geographies, 2017 - Taylor & Francis",329,"https://scholar.google.com/scholar?cites=2559190288886841790&as_sdt=2005&sciodt=0,5&hl=en&num=20","https://scholar.google.com/scholar?q=related:vsG6MQIShCMJ:scholar.google.com/&scioq=Geographical+tourism&hl=en&num=20&as_sdt=0,5","https://scholar.google.com/scholar?cluster=2559190288886841790&hl=en&num=20&as_sdt=0,5",https://www.tandfonline.com/doi/pdf/10.1080/14616688.2017.1307442
Geographical tourism,0K3ZAgmg-PsJ,Book,Leisure/tourism geographies: practices and geographical knowledge,https://api.taylorfrancis.com/content/books/mono/download?identifierName=doi&identifierValue=10.4324/9780203350461&type=googlepdf,D Crouch,2013,2013,"… leisure and tourism, this book documents a lively debate, placing geography at its centre. … Understanding 'Heritage' in terms of lay geography directs attention to the tourist/leisure …",,D Crouch - 2013 - api.taylorfrancis.com,240,"https://scholar.google.com/scholar?cites=18156437858307124688&as_sdt=2005&sciodt=0,5&hl=en&num=20","https://scholar.google.com/scholar?q=related:0K3ZAgmg-PsJ:scholar.google.com/&scioq=Geographical+tourism&hl=en&num=20&as_sdt=0,5","https://scholar.google.com/scholar?cluster=18156437858307124688&hl=en&num=20&as_sdt=0,5",https://api.taylorfrancis.com/content/books/mono/download?identifierName=doi&identifierValue=10.4324/9780203350461&type=googlepdf
Geographical tourism,25aY3Zi4qBkJ,Pdf,"Web-based geographical information system (GIS) for tourism in Oyo State, Nigeria",https://www.researchgate.net/profile/Victor-Balogun/publication/45949716_Web-Based_Geographical_Information_System_GIS_for_Tourism_in_Oyo_State_Nigeria/links/5e6fa41092851ce30dfadf06/Web-Based-Geographical-Information-System-GIS-for-Tourism-in-Oyo-State-Nigeria.pdf,"O Fajuyigbe, VF Balogun…",Information Technology …,2007,… It discuses how a Web-based Geographical Information System (GIS) is used for the rendering and analysis of tourism information for the efficient management and promotion of tourism…,,"O Fajuyigbe, VF Balogun… - Information Technology …, 2007 - researchgate.net",63,"https://scholar.google.com/scholar?cites=1848930613727893211&as_sdt=2005&sciodt=0,5&hl=en&num=20","https://scholar.google.com/scholar?q=related:25aY3Zi4qBkJ:scholar.google.com/&scioq=Geographical+tourism&hl=en&num=20&as_sdt=0,5",,https://www.researchgate.net/profile/Victor-Balogun/publication/45949716_Web-Based_Geographical_Information_System_GIS_for_Tourism_in_Oyo_State_Nigeria/links/5e6fa41092851ce30dfadf06/Web-Based-Geographical-Information-System-GIS-for-Tourism-in-Oyo-State-Nigeria.pdf
Geographical tourism,DLyPQloREc0J,,Locating geographies of tourism,https://journals.sagepub.com/doi/abs/10.1177/0309132507086877,C Gibson,Progress in Human Geography,2008,"… on tourism have been absent until now. In this report, I attempt two things: first, I situate tourism in postwar geography… areas of emphasis in recent tourism geography. Although not taken …",,"C Gibson - Progress in Human Geography, 2008 - journals.sagepub.com",190,"https://scholar.google.com/scholar?cites=14776610931740752908&as_sdt=2005&sciodt=0,5&hl=en&num=20","https://scholar.google.com/scholar?q=related:DLyPQloREc0J:scholar.google.com/&scioq=Geographical+tourism&hl=en&num=20&as_sdt=0,5","https://scholar.google.com/scholar?cluster=14776610931740752908&hl=en&num=20&as_sdt=0,5",https://www.academia.edu/download/30842336/1.LocatingtourismPHG2008.pdf
Geographical tourism,rLl27ppLVBMJ,,Tourism evolution: On the synergies of tourism studies and evolutionary economic geography,https://www.sciencedirect.com/science/article/pii/S0160738313000984,"P Brouder, RH Eriksson",Annals of tourism research,2013,"… sectors, of which tourism is a prime example. This paper introduces EEG to a wider tourism audience by presenting the core principles of EEG and how they relate to tourism studies. A …",,"P Brouder, RH Eriksson - Annals of tourism research, 2013 - Elsevier",289,"https://scholar.google.com/scholar?cites=1392821313562130860&as_sdt=5,48&sciodt=0,48&hl=en&num=20","https://scholar.google.com/scholar?q=related:rLl27ppLVBMJ:scholar.google.com/&scioq=Geographical+tourism&hl=en&num=20&as_sdt=0,48","https://scholar.google.com/scholar?cluster=1392821313562130860&hl=en&num=20&as_sdt=0,48",https://www.diva-portal.org/smash/get/diva2:641659/FULLTEXT02
Geographical tourism,c0_EOcSuBREJ,Pdf,Food Geographical Indication in enhancing agricultural and tourism performance.,https://managementjournal.usamv.ro/pdf/vol.21_1/Art41.pdf,"L Hadelan, MJ Rogelj, O Mikuš, MZ Sušac",2021,2021,… of the Food Geographical Indication Scheme in the European Union countries and to determine their statistical connection with the development indicators in agriculture and tourism. …,,"L Hadelan, MJ Rogelj, O Mikuš, MZ Sušac - 2021 - managementjournal.usamv.ro",22,"https://scholar.google.com/scholar?cites=1226578631334317939&as_sdt=5,48&sciodt=0,48&hl=en&num=20","https://scholar.google.com/scholar?q=related:c0_EOcSuBREJ:scholar.google.com/&scioq=Geographical+tourism&hl=en&num=20&as_sdt=0,48","https://scholar.google.com/scholar?cluster=1226578631334317939&hl=en&num=20&as_sdt=0,48",https://managementjournal.usamv.ro/pdf/vol.21_1/Art41.pdf
Geographical tourism,8urpVh79iIEJ,,Tourism development of World Heritage Sites in China: A geographic perspective,https://www.sciencedirect.com/science/article/pii/S0261517707000647,"M Li, B Wu, L Cai",Tourism Management,2008,… of tourism development at those sites. The study applies geographical tools in an examination of the geographical distribution of sites and their spatial relationship to tourist origin cities. …,,"M Li, B Wu, L Cai - Tourism Management, 2008 - Elsevier",573,"https://scholar.google.com/scholar?cites=9333988534474369778&as_sdt=5,48&sciodt=0,48&hl=en&num=20","https://scholar.google.com/scholar?q=related:8urpVh79iIEJ:scholar.google.com/&scioq=Geographical+tourism&hl=en&num=20&as_sdt=0,48","https://scholar.google.com/scholar?cluster=9333988534474369778&hl=en&num=20&as_sdt=0,48",
Geographical tourism,XgJ-xXgc1xgJ,,Towards a geographical political economy of tourism,https://www.elgaronline.com/edcollchap/edcoll/9781786439307/9781786439307.00015.xml,P Brouder,A research agenda for tourism geographies,2019,"… First, studies of tourism labour are an obvious point of departure, as tourism is a labour-intensive sector and tourism geographers have noted that the labour geography of tourism has …",,"P Brouder - A research agenda for tourism geographies, 2019 - elgaronline.com",15,"https://scholar.google.com/scholar?cites=1789930681938084446&as_sdt=5,48&sciodt=0,48&hl=en&num=20","https://scholar.google.com/scholar?q=related:XgJ-xXgc1xgJ:scholar.google.com/&scioq=Geographical+tourism&hl=en&num=20&as_sdt=0,48","https://scholar.google.com/scholar?cluster=1789930681938084446&hl=en&num=20&as_sdt=0,48",
Geographical tourism,XdQ_JqjxhZIJ,Pdf,Spa and wellness tourism in Slovakia (A geographical analysis),https://sciendo.com/2/v2/download/article/10.1515/cjot-2017-0002.pdf,"A Kasagranda, D Gurňák",Czech Journal of Tourism,2017,"… tion of spa and wellness tourism and its resorts in Slovakia. … geographic research in spa and wellness tourism in Slovakia, brief assessment of development of spa and wellness tourism, …",,"A Kasagranda, D Gurňák - Czech Journal of Tourism, 2017 - sciendo.com",64,"https://scholar.google.com/scholar?cites=10558110605938512989&as_sdt=5,48&sciodt=0,48&hl=en&num=20","https://scholar.google.com/scholar?q=related:XdQ_JqjxhZIJ:scholar.google.com/&scioq=Geographical+tourism&hl=en&num=20&as_sdt=0,48","https://scholar.google.com/scholar?cluster=10558110605938512989&hl=en&num=20&as_sdt=0,48",https://sciendo.com/2/v2/download/article/10.1515/cjot-2017-0002.pdf
Geographical tourism,khx_bxbrP98J,Pdf,Geography and tourism,https://scholar.archive.org/work/jivezers7jd2hez44gso5fbtqi/access/wayback/https://almatourism.unibo.it/article/download/2475/1848,G Corna Pellegrini,Almatourism-Journal of Tourism,2012,"… The paper suggests that Tourism and Geography are closely intertwined, because tourists … , geographical interpretation and travel experience, were Geography and Tourism entwined in …",,"G Corna Pellegrini - Almatourism-Journal of Tourism, Culture …, 2012 - scholar.archive.org",11,"https://scholar.google.com/scholar?cites=16086834875583110290&as_sdt=5,48&sciodt=0,48&hl=en&num=20","https://scholar.google.com/scholar?q=related:khx_bxbrP98J:scholar.google.com/&scioq=Geographical+tourism&hl=en&num=20&as_sdt=0,48",,https://scholar.archive.org/work/jivezers7jd2hez44gso5fbtqi/access/wayback/https://almatourism.unibo.it/article/download/2475/1848
Geographical tourism,jw44eW8MfMgJ,,Growing in sophistication: The application of geographical information systems in post-modern tourism marketing,https://www.tandfonline.com/doi/abs/10.1300/J073v07n01_05,"MP Elliott-White, M Finn",Journal of Travel & Tourism Marketing,1997,"… This paper reviews the role of GIS in tourism marketing in the context of these new developments, … We believe that geographical information systems offer considerable utility to tourism …",,"MP Elliott-White, M Finn - Journal of Travel & Tourism Marketing, 1997 - Taylor & Francis",93,"https://scholar.google.com/scholar?cites=14446435377612328591&as_sdt=5,48&sciodt=0,48&hl=en&num=20","https://scholar.google.com/scholar?q=related:jw44eW8MfMgJ:scholar.google.com/&scioq=Geographical+tourism&hl=en&num=20&as_sdt=0,48","https://scholar.google.com/scholar?cluster=14446435377612328591&hl=en&num=20&as_sdt=0,48",
Geographical tourism,aR9SiJHyRxAJ,,Geographical research on international and domestic tourism,https://www.tandfonline.com/doi/abs/10.1080/08873638009478658,AW Carlson,Journal of Cultural Geography,1980,… Geography of International Tourism helped to make tourism a legitimate topic for study by American geographers. He pointed out that European geographers had long elevated tourism …,,"AW Carlson - Journal of Cultural Geography, 1980 - Taylor & Francis",45,"https://scholar.google.com/scholar?cites=1173172934824566633&as_sdt=5,48&sciodt=0,48&hl=en&num=20","https://scholar.google.com/scholar?q=related:aR9SiJHyRxAJ:scholar.google.com/&scioq=Geographical+tourism&hl=en&num=20&as_sdt=0,48",,
Geographical tourism,sJZoV1DRV-sJ,,Global geographical and scientometric analysis of tourism-themed research,https://link.springer.com/article/10.1007/s11192-015-1678-3,"S Zhang, P Lyu, Y Yan",Scientometrics,2015,"… , tourism demand forecasting, as well as tourism destination competitiveness are the research frontiers of Tourism … It showed that the geographical distribution of tourism research …",,"S Zhang, P Lyu, Y Yan - Scientometrics, 2015 - Springer",54,"https://scholar.google.com/scholar?cites=16958253064880953008&as_sdt=5,48&sciodt=0,48&hl=en&num=20","https://scholar.google.com/scholar?q=related:sJZoV1DRV-sJ:scholar.google.com/&scioq=Geographical+tourism&hl=en&num=20&as_sdt=0,48","https://scholar.google.com/scholar?cluster=16958253064880953008&hl=en&num=20&as_sdt=0,48",
Geographical tourism,v7wZ5byh7q4J,,Tourist encounters,https://journals.sagepub.com/doi/abs/10.1177/146879760100100303,"D Crouch, L Aronsson, L Wahlström",Tourist studies,2001,… geography in understanding tourist practices as it allows us to concentrate on the process and content of tourists making their own lay geography … We discuss how time-geography can …,,"D Crouch, L Aronsson, L Wahlström - Tourist studies, 2001 - journals.sagepub.com",288,"https://scholar.google.com/scholar?cites=12605190239726189759&as_sdt=5,48&sciodt=0,48&hl=en&num=20","https://scholar.google.com/scholar?q=related:v7wZ5byh7q4J:scholar.google.com/&scioq=Geographical+tourism&hl=en&num=20&as_sdt=0,48","https://scholar.google.com/scholar?cluster=12605190239726189759&hl=en&num=20&as_sdt=0,48",
Geographical tourism,G9HlSUdYVFoJ,Pdf,A geographical perspective on the impact of covid-19 on tourism demand in Romania,https://gtg.webhost.uoradea.ro/PDF/GTG-1-2024/gtg.52115-1192.pdf,"A Cehan, C Iaţu",Geo Journal of Tourism and Geosites,2024,"… the tourism sector and, in particular, on the tourism demand. Evaluating the degree to which tourism flows have been affected at different geographical … ’s impact on tourism activities for …",,"A Cehan, C Iaţu - Geo Journal of Tourism and Geosites, 2024 - gtg.webhost.uoradea.ro",13,"https://scholar.google.com/scholar?cites=6508924424662929691&as_sdt=5,48&sciodt=0,48&hl=en&num=20","https://scholar.google.com/scholar?q=related:G9HlSUdYVFoJ:scholar.google.com/&scioq=Geographical+tourism&hl=en&num=20&as_sdt=0,48","https://scholar.google.com/scholar?cluster=6508924424662929691&hl=en&num=20&as_sdt=0,48",https://gtg.webhost.uoradea.ro/PDF/GTG-1-2024/gtg.52115-1192.pdf
Geographical tourism,mxeWJ5zP9tIJ,,Geographical rating in tourism development,https://www.sciencedirect.com/science/article/pii/026151779290053A,JP Lozato-Giotart,Tourism management,1992,… The concept of geographical tourism impact is of great … It is possible to arrive at a geographical carrying capacity … The spatial tourist intensity (STl) is found from the number of overnight …,,"JP Lozato-Giotart - Tourism management, 1992 - Elsevier",31,"https://scholar.google.com/scholar?cites=15201565861821683611&as_sdt=5,48&sciodt=0,48&hl=en&num=20","https://scholar.google.com/scholar?q=related:mxeWJ5zP9tIJ:scholar.google.com/&scioq=Geographical+tourism&hl=en&num=20&as_sdt=0,48","https://scholar.google.com/scholar?cluster=15201565861821683611&hl=en&num=20&as_sdt=0,48",
Geographical tourism,IKK3sCJyJKAJ,,Tourism geography in the global South: new South African perspectives,https://journals.co.za/doi/abs/10.1080/03736245.2015.1034574,G Hoogendoorn,… African Geographical Journal= Suid-Afrikaanse …,2015,… of geographical authored contributions on tourism in … geographical serial as an important publishing outlet for research in tourism studies as a whole and for tourism geographical works …,,"G Hoogendoorn - … African Geographical Journal= Suid-Afrikaanse …, 2015 - journals.co.za",72,"https://scholar.google.com/scholar?cites=11539473638549332512&as_sdt=5,48&sciodt=0,48&hl=en&num=20","https://scholar.google.com/scholar?q=related:IKK3sCJyJKAJ:scholar.google.com/&scioq=Geographical+tourism&hl=en&num=20&as_sdt=0,48","https://scholar.google.com/scholar?cluster=11539473638549332512&hl=en&num=20&as_sdt=0,48",https://www.researchgate.net/profile/Gijsbert-Hoogendoorn/publication/281369665_Tourism_geography_in_the_global_South_New_South_African_perspectives/links/5655a9a308aeafc2aabc8261/Tourism-geography-in-the-global-South-New-South-African-perspectives.pdf
Geographical tourism,HPMp5nC5lSgJ,,Problematizing the concept of tourism destination: An analysis of different theoretical approaches,https://journals.sagepub.com/doi/abs/10.1177/0047287510362775,"S Saraniemi, M Kylänen",Journal of travel research,2011,"… In Figure 1, we present a caricature-like illustration of the economic-geographical approach. It particularly focuses on analyzing the movement and development of the tourist masses, …",,"S Saraniemi, M Kylänen - Journal of travel research, 2011 - journals.sagepub.com",587,"https://scholar.google.com/scholar?cites=2924447427595989788&as_sdt=5,48&sciodt=0,48&hl=en&num=20","https://scholar.google.com/scholar?q=related:HPMp5nC5lSgJ:scholar.google.com/&scioq=Geographical+tourism&hl=en&num=20&as_sdt=0,48","https://scholar.google.com/scholar?cluster=2924447427595989788&hl=en&num=20&as_sdt=0,48",https://www.academia.edu/download/100163508/saraniemi-2010-problematizing-the-concept-of-tourism-destination_an-analysis-of-different-theoretical-approaches.pdf
Geographical tourism,oB_3NmOICq4J,,Coastal tourism in South Africa: A geographical perspective,https://link.springer.com/chapter/10.1007/978-3-030-29377-2_13,"CM Rogerson, JM Rogerson",New directions in South African tourism …,2019,… an examination of coastal tourism in South Africa from a geographical perspective. At … tourism occurring in coastal areas is not merely that of 3S tourism or of associated marine tourism …,,"CM Rogerson, JM Rogerson - New directions in South African tourism …, 2019 - Springer",52,"https://scholar.google.com/scholar?cites=12540986072071872416&as_sdt=5,48&sciodt=0,48&hl=en&num=20","https://scholar.google.com/scholar?q=related:oB_3NmOICq4J:scholar.google.com/&scioq=Geographical+tourism&hl=en&num=20&as_sdt=0,48","https://scholar.google.com/scholar?cluster=12540986072071872416&hl=en&num=20&as_sdt=0,48",
Geographical tourism,feXnYdxiwMIJ,,Slow tourism at the Caribbean's geographical margins,https://www.taylorfrancis.com/chapters/edit/10.4324/9781315761572-9/slow-tourism-caribbean-geographical-margins-benjamin-timms-dennis-conway,"BF Timms, D Conway",… Tropical Coastal and Island Tourism …,2016,… To achieve this goal we propose slow tourism as a viable model for the Caribbean’s geographical margins with the same development potential as the philosophically related slow food …,,"BF Timms, D Conway - … Tropical Coastal and Island Tourism …, 2016 - taylorfrancis.com",138,"https://scholar.google.com/scholar?cites=14033325137561380221&as_sdt=5,48&sciodt=0,48&hl=en&num=20","https://scholar.google.com/scholar?q=related:feXnYdxiwMIJ:scholar.google.com/&scioq=Geographical+tourism&hl=en&num=20&as_sdt=0,48","https://scholar.google.com/scholar?cluster=14033325137561380221&hl=en&num=20&as_sdt=0,48",https://digitalcommons.calpoly.edu/cgi/viewcontent.cgi?article=1085&context=ssci_fac
Geographical tourism,4ocLnafmGbEJ,,Geographical indications and tourism destinations: An overview,https://www.taylorfrancis.com/chapters/edit/10.4324/9781315147628-63/geographical-indications-tourism-destinations-stefano-ciani-michela-mason-andrea-moretti,"S Ciani, MC Mason, A Moretti",… handbook of gastronomic tourism,2019,"… of ‘geographical indications’ at a tourism destination. There is a … In this chapter, we focus on geographical indications, a specific … Using Geographical Information Systems (GIS) tools, we …",,"S Ciani, MC Mason, A Moretti - … handbook of gastronomic tourism, 2019 - taylorfrancis.com",18,"https://scholar.google.com/scholar?cites=12761484626699716578&as_sdt=5,48&sciodt=0,48&hl=en&num=20","https://scholar.google.com/scholar?q=related:4ocLnafmGbEJ:scholar.google.com/&scioq=Geographical+tourism&hl=en&num=20&as_sdt=0,48","https://scholar.google.com/scholar?cluster=12761484626699716578&hl=en&num=20&as_sdt=0,48",
Geographical tourism,lFpvyRRUCyQJ,,The concept of the geography of tourism,https://www.emerald.com/tr/article-pdf/38/3/2/2366210/eb057879.pdf,P De Groote,The Tourist Review,1983,"… tourism as an object of geographic study from a number of perspectives. Firstly, the phenomenon of tourism … be emphasized in order to note geographic concerns and permit analysis of …",,"P De Groote - The Tourist Review, 1983 - emerald.com",18,"https://scholar.google.com/scholar?cites=2597262058364820116&as_sdt=5,48&sciodt=0,48&hl=en&num=20","https://scholar.google.com/scholar?q=related:lFpvyRRUCyQJ:scholar.google.com/&scioq=Geographical+tourism&hl=en&num=20&as_sdt=0,48","https://scholar.google.com/scholar?cluster=2597262058364820116&hl=en&num=20&as_sdt=0,48",https://www.emerald.com/tr/article-pdf/38/3/2/2366210/eb057879.pdf
Geographical tourism,4U8347C2vtwJ,,Some remarks on the geography of tourism in Japan,https://www.jstor.org/stable/41143328,K Takeuchi,GeoJournal,1984,"… In Japan, in comparison with other branches of geography, the geography of tourism and … schools of geography; but it further derives from the nature and peculiarities of tourism and …",,"K Takeuchi - GeoJournal, 1984 - JSTOR",25,"https://scholar.google.com/scholar?cites=15906351804761722849&as_sdt=5,48&sciodt=0,48&hl=en&num=20","https://scholar.google.com/scholar?q=related:4U8347C2vtwJ:scholar.google.com/&scioq=Geographical+tourism&hl=en&num=20&as_sdt=0,48","https://scholar.google.com/scholar?cluster=15906351804761722849&hl=en&num=20&as_sdt=0,48",
Geographical tourism,PhnFMCgu_v4J,,Evolutionary economic geography: Reflections from a sustainable tourism perspective,https://www.taylorfrancis.com/chapters/edit/10.4324/9781315083742-8/evolutionary-economic-geography-reflections-sustainable-tourism-perspective-patrick-brouder,P Brouder,Tourism planning and development,2019,"… I highlight how a sustainable tourism perspective can also help to critique EEG theory and … economy critiques in economic geography. I conclude that sustainable tourism, at its best, is …",,"P Brouder - Tourism planning and development, 2019 - taylorfrancis.com",93,"https://scholar.google.com/scholar?cites=18374174279869995326&as_sdt=5,48&sciodt=0,48&hl=en&num=20","https://scholar.google.com/scholar?q=related:PhnFMCgu_v4J:scholar.google.com/&scioq=Geographical+tourism&hl=en&num=20&as_sdt=0,48","https://scholar.google.com/scholar?cluster=18374174279869995326&hl=en&num=20&as_sdt=0,48",
Geographical tourism,J8HUdg7vCo4J,,Geographical information systems in sustainable rural tourism and local community empowerment: a natural resources management appraisal for Musina Municipality …,https://www.tandfonline.com/doi/abs/10.1080/26883597.2021.2011610,AI Ramaano,Local Development & Society,2023,"… geographic information systems in sustainable rural tourism … , environmental, and tourism reservoirs management situations… ) and geographic information systems to sustainable tourism …",,"AI Ramaano - Local Development & Society, 2023 - Taylor & Francis",62,"https://scholar.google.com/scholar?cites=10235255948555108647&as_sdt=40000005&sciodt=0,22&hl=en&num=20","https://scholar.google.com/scholar?q=related:J8HUdg7vCo4J:scholar.google.com/&scioq=Geographical+tourism&hl=en&num=20&as_sdt=0,22","https://scholar.google.com/scholar?cluster=10235255948555108647&hl=en&num=20&as_sdt=0,22",
Geographical tourism,2V11s_aMe2UJ,,Geographical perspectives on Polish tourism,https://link.springer.com/article/10.1023/A:1007180910552,KR Mazurski,GeoJournal,2000,"… Tourism is of great importance for Poland because, through … to Lower Silesia where the tourism potential offers an important … of historic buildings for tourist use and the significance of the …",,"KR Mazurski - GeoJournal, 2000 - Springer",15,"https://scholar.google.com/scholar?cites=7312593411166789081&as_sdt=40000005&sciodt=0,22&hl=en&num=20","https://scholar.google.com/scholar?q=related:2V11s_aMe2UJ:scholar.google.com/&scioq=Geographical+tourism&hl=en&num=20&as_sdt=0,22","https://scholar.google.com/scholar?cluster=7312593411166789081&hl=en&num=20&as_sdt=0,22",
Geographical tourism,UokUTERPp5EJ,Pdf,"Geographical Indication and Tourism: A Study on the Awareness, Factors Influence, and the Scope of GI Tagging in Kerala as a Rural Tourism Development …",https://www.researchgate.net/profile/Dileep-M-R-2/publication/381005151_Geographical_Indication_and_Tourism_A_Study_on_the_Awareness_Factors_Influence_and_the_Scope_of_Gi_Tagging_in_Kerala_as_a_Rural_Tourism_Development_Tool/links/665c7b73bc86444c7225abb0/Geographical-Indication-and-Tourism-A-Study-on-the-Awareness-Factors-Influence-and-the-Scope-of-Gi-Tagging-in-Kerala-as-a-Rural-Tourism-Development-Tool.pdf,"D Das, MR Dileep",International Journal of Hospitality & Tourism …,2023,"… level of the tourist for geographical indications, identify the factors influencing tourist buying … of GI tagging as a tool for rural tourism development in Kerala. Envisaged as a descriptive …",,"D Das, MR Dileep - International Journal of Hospitality & Tourism …, 2023 - researchgate.net",11,"https://scholar.google.com/scholar?cites=10495444611363014994&as_sdt=40000005&sciodt=0,22&hl=en&num=20","https://scholar.google.com/scholar?q=related:UokUTERPp5EJ:scholar.google.com/&scioq=Geographical+tourism&hl=en&num=20&as_sdt=0,22","https://scholar.google.com/scholar?cluster=10495444611363014994&hl=en&num=20&as_sdt=0,22",https://www.researchgate.net/profile/Dileep-M-R-2/publication/381005151_Geographical_Indication_and_Tourism_A_Study_on_the_Awareness_Factors_Influence_and_the_Scope_of_Gi_Tagging_in_Kerala_as_a_Rural_Tourism_Development_Tool/links/665c7b73bc86444c7225abb0/Geographical-Indication-and-Tourism-A-Study-on-the-Awareness-Factors-Influence-and-the-Scope-of-Gi-Tagging-in-Kerala-as-a-Rural-Tourism-Development-Tool.pdf
Geographical tourism,aD8MX-wieXsJ,Pdf,Brief geographical and historic overview of tourism transnationalization,https://gtg.webhost.uoradea.ro/PDF/GTG-3-2020/gtg.31333-556.pdf,"D Ushakov, V Fedorchenko…",… Journal of Tourism …,2020,… mass tourism appeared on the geographical map of the world much later. The key feature of the tourist corporations of the second type is much stronger role of tour operating and tour …,,"D Ushakov, V Fedorchenko… - … Journal of Tourism …, 2020 - gtg.webhost.uoradea.ro",14,"https://scholar.google.com/scholar?cites=8897180937449389928&as_sdt=40000005&sciodt=0,22&hl=en&num=20","https://scholar.google.com/scholar?q=related:aD8MX-wieXsJ:scholar.google.com/&scioq=Geographical+tourism&hl=en&num=20&as_sdt=0,22","https://scholar.google.com/scholar?cluster=8897180937449389928&hl=en&num=20&as_sdt=0,22",https://gtg.webhost.uoradea.ro/PDF/GTG-3-2020/gtg.31333-556.pdf
Geographical tourism,n6UsABymOUUJ,,The geography of tourism production: uneven disciplinary development?,https://www.tandfonline.com/doi/abs/10.1080/14616680050082517,"S Agarwal, R Ball, G Shaw, AM Williams",Tourism Geographies,2000,"… This paper seeks to review the understanding of the geography of tourism production in the UK, … agenda on the economic geography of tourism. We have three specific objectives: to …",,"S Agarwal, R Ball, G Shaw, AM Williams - Tourism Geographies, 2000 - Taylor & Francis",114,"https://scholar.google.com/scholar?cites=4988200701481756063&as_sdt=40000005&sciodt=0,22&hl=en&num=20","https://scholar.google.com/scholar?q=related:n6UsABymOUUJ:scholar.google.com/&scioq=Geographical+tourism&hl=en&num=20&as_sdt=0,22","https://scholar.google.com/scholar?cluster=4988200701481756063&hl=en&num=20&as_sdt=0,22",
Geographical tourism,6Sm88I61h1cJ,Book,An introduction to the geography of tourism,https://books.google.com/books?hl=en&lr=&id=IPckEAAAQBAJ&oi=fnd&pg=PP1&dq=Geographical+tourism&ots=5bX6AZHy2l&sig=vLbJrIlJXMB9E0jyfiC4CWvR5uA,V Nelson,2021,2021,"… the geography of tourism in the same way geography as a whole is conceptualized. With the geography of tourism … and physical components at work in tourism, and each of the topical …",,V Nelson - 2021 - books.google.com,141,"https://scholar.google.com/scholar?cites=6307209428684515817&as_sdt=40000005&sciodt=0,22&hl=en&num=20","https://scholar.google.com/scholar?q=related:6Sm88I61h1cJ:scholar.google.com/&scioq=Geographical+tourism&hl=en&num=20&as_sdt=0,22","https://scholar.google.com/scholar?cluster=6307209428684515817&hl=en&num=20&as_sdt=0,22",
Geographical tourism,4HXcIUHR6O0J,Html,The necessity to develop geographical tourism in diversification of tourism industry,https://cyberleninka.ru/article/n/the-necessity-to-develop-geographical-tourism-in-diversification-of-tourism-industry,"NA Nigmatullaevich, TOK Ugli",European science review,2021,"… geographical tourism from a geographical point ofview. However, there is no scientific and practical basis for the development of geographical tourism in … object of geographical tourism. …",,"NA Nigmatullaevich, TOK Ugli - European science review, 2021 - cyberleninka.ru",9,"https://scholar.google.com/scholar?cites=17143182059256968672&as_sdt=40000005&sciodt=0,22&hl=en&num=20","https://scholar.google.com/scholar?q=related:4HXcIUHR6O0J:scholar.google.com/&scioq=Geographical+tourism&hl=en&num=20&as_sdt=0,22","https://scholar.google.com/scholar?cluster=17143182059256968672&hl=en&num=20&as_sdt=0,22",
Geographical tourism,SKViqKPjD8UJ,,Tourist routes: A time-geographical approach on German car-tourists in Sweden,https://www.tandfonline.com/doi/abs/10.1080/14616680601092915,M Zillinger,Tourism Geographies,2007,"… in determining the course of the tourist routes is the geography of tourist amenities. It is clear … of time geography in this study has been shown to be helpful, and its use in other tourism-…",,"M Zillinger - Tourism Geographies, 2007 - Taylor & Francis",161,"https://scholar.google.com/scholar?cites=14199818442166674760&as_sdt=40000005&sciodt=0,22&hl=en&num=20","https://scholar.google.com/scholar?q=related:SKViqKPjD8UJ:scholar.google.com/&scioq=Geographical+tourism&hl=en&num=20&as_sdt=0,22","https://scholar.google.com/scholar?cluster=14199818442166674760&hl=en&num=20&as_sdt=0,22",
Geographical tourism,JYdVce1guA4J,,Development of creative industries as regional leaders in national tourism efforts based on geographical indications,https://elibrary.ru/item.asp?id=77855335,R Saputra,Jurnal Bestuur,2020,… in synergy to develop Geographical Indications products as creative economic potential to develop national tourism based on regional superior products and Geographical Indications. …,,"R Saputra - Jurnal Bestuur, 2020 - elibrary.ru",61,"https://scholar.google.com/scholar?cites=1060704285170698021&as_sdt=40000005&sciodt=0,22&hl=en&num=20","https://scholar.google.com/scholar?q=related:JYdVce1guA4J:scholar.google.com/&scioq=Geographical+tourism&hl=en&num=20&as_sdt=0,22","https://scholar.google.com/scholar?cluster=1060704285170698021&hl=en&num=20&as_sdt=0,22",
Geographical tourism,9pXF0cggGQ8J,Pdf,The importance of the concept and meaning of place in tourism geography,https://www.researchgate.net/profile/Ali-Movahed-5/publication/336609665_THE_IMPORTANCE_OF_THE_CONCEPT_AND_MEANING_OF_PLACE_IN_TOURISM_GEOGRAPHY/links/5fb01b5492851cf24cce8b6e/THE-IMPORTANCE-OF-THE-CONCEPT-AND-MEANING-OF-PLACE-IN-TOURISM-GEOGRAPHY.pdf,A Movahed…,Journal of Tourism …,2019,"… in geography will minimize the success of entire geographical studies in particular tourism geography. … This study aims to show how tourism geography in terms of formation, activity, and …",,"A Movahed… - Journal of Tourism …, 2019 - researchgate.net",33,"https://scholar.google.com/scholar?cites=1087936831871620598&as_sdt=40000005&sciodt=0,22&hl=en&num=20","https://scholar.google.com/scholar?q=related:9pXF0cggGQ8J:scholar.google.com/&scioq=Geographical+tourism&hl=en&num=20&as_sdt=0,22","https://scholar.google.com/scholar?cluster=1087936831871620598&hl=en&num=20&as_sdt=0,22",https://www.researchgate.net/profile/Ali-Movahed-5/publication/336609665_THE_IMPORTANCE_OF_THE_CONCEPT_AND_MEANING_OF_PLACE_IN_TOURISM_GEOGRAPHY/links/5fb01b5492851cf24cce8b6e/THE-IMPORTANCE-OF-THE-CONCEPT-AND-MEANING-OF-PLACE-IN-TOURISM-GEOGRAPHY.pdf
Geographical tourism,2fyhD-NUo3UJ,,Using educational tourism in geographical education,https://dergipark.org.tr/en/pub/rigeo/article/133609?issue_id=11182,"D Prakapıenė, L Olberkytė",Review of International Geographical …,2013,"… to the science of geography as learners are provided with an … of this method, educational tourism is becoming an important … for blending geography and educational tourism. The most-…",,"D Prakapıenė, L Olberkytė - Review of International Geographical …, 2013 - dergipark.org.tr",25,"https://scholar.google.com/scholar?cites=8476712257837989081&as_sdt=40000005&sciodt=0,22&hl=en&num=20","https://scholar.google.com/scholar?q=related:2fyhD-NUo3UJ:scholar.google.com/&scioq=Geographical+tourism&hl=en&num=20&as_sdt=0,22","https://scholar.google.com/scholar?cluster=8476712257837989081&hl=en&num=20&as_sdt=0,22",https://dergipark.org.tr/en/download/article-file/115308
Geographical tourism,59ZczB4XeDsJ,,Connecting tourists to musical destinations: The role of musical geographical imagination and aesthetic responses in music tourism,https://www.sciencedirect.com/science/article/pii/S026151772300050X,"M Zhuang, H Zhang, P Li, C Shen, X Xiao, J Zhang",Tourism Management,2023,… This study adopts aesthetic responses to explore how musical geographical imagination … effects of musical geographical imagination integrating with aesthetics in tourism research; 2) …,,"M Zhuang, H Zhang, P Li, C Shen, X Xiao, J Zhang - Tourism Management, 2023 - Elsevier",55,"https://scholar.google.com/scholar?cites=4285200466488121063&as_sdt=40000005&sciodt=0,22&hl=en&num=20","https://scholar.google.com/scholar?q=related:59ZczB4XeDsJ:scholar.google.com/&scioq=Geographical+tourism&hl=en&num=20&as_sdt=0,22","https://scholar.google.com/scholar?cluster=4285200466488121063&hl=en&num=20&as_sdt=0,22",https://drive.google.com/file/d/1gyQvppFG7-Ujc5mp20-RGesSR2PVxBVq/view
Geographical tourism,zXmGE-DNQpQJ,,Landscapes of tourism: A cultural geographic perspective,https://link.springer.com/content/pdf/10.1007/978-94-015-9584-1_11?pdf=chapter%20toc,T Terkenli,Tourism and the environment: Regional,2000,"… By use of cultural geographic theory and analytical approach, this chapter examines … created for and by tourism. The attempt to investigate impacts and images of tourism in the human …",,"T Terkenli - Tourism and the environment: Regional, economic …, 2000 - Springer",41,"https://scholar.google.com/scholar?cites=10683327628360186317&as_sdt=40000005&sciodt=0,22&hl=en&num=20","https://scholar.google.com/scholar?q=related:zXmGE-DNQpQJ:scholar.google.com/&scioq=Geographical+tourism&hl=en&num=20&as_sdt=0,22","https://scholar.google.com/scholar?cluster=10683327628360186317&hl=en&num=20&as_sdt=0,22",https://link.springer.com/content/pdf/10.1007/978-94-015-9584-1_11?pdf=chapter%20toc
Geographical tourism,8r5pQd6bxKcJ,Pdf,Coffee value symbiosis toward a mountain geographical community-based tourism in Thailand,https://www.academia.edu/download/115779791/gtg.pdf,"B Sitikarn, K Kankaew, Y Sawangdee…",Geo Journal of Tourism …,2022,"… According to the national agro-tourism and CBT standards, researchers found Chiang Rai … geographical location in the most northern part of Thailand. With its mountainous geographical…",,"B Sitikarn, K Kankaew, Y Sawangdee… - Geo Journal of Tourism …, 2022 - academia.edu",33,"https://scholar.google.com/scholar?cites=12088958678651748082&as_sdt=40000005&sciodt=0,22&hl=en&num=20","https://scholar.google.com/scholar?q=related:8r5pQd6bxKcJ:scholar.google.com/&scioq=Geographical+tourism&hl=en&num=20&as_sdt=0,22","https://scholar.google.com/scholar?cluster=12088958678651748082&hl=en&num=20&as_sdt=0,22",https://www.academia.edu/download/115779791/gtg.pdf
Geographical tourism,3CGqFi30EZEJ,Book,Seductions of place: geographical perspectives on globalization and touristed landscapes,https://www.taylorfrancis.com/books/oa-mono/10.4324/9780203645796/seductions-place-alan-lew-carolyn-cartier,"C Cartier, AA Lew",2004,2004,"… of places through tourism, in which aspects of tourism figure as a … geography and tourism and who have experienced the places and palimpsests of landscapes wrought by tourism’s …",,"C Cartier, AA Lew - 2004 - taylorfrancis.com",181,"https://scholar.google.com/scholar?cites=10453404684594586076&as_sdt=40000005&sciodt=0,22&hl=en&num=20","https://scholar.google.com/scholar?q=related:3CGqFi30EZEJ:scholar.google.com/&scioq=Geographical+tourism&hl=en&num=20&as_sdt=0,22","https://scholar.google.com/scholar?cluster=10453404684594586076&hl=en&num=20&as_sdt=0,22",https://api.taylorfrancis.com/content/books/mono/download?identifierName=doi&identifierValue=10.4324/9780203645796&type=googlepdf
Geographical tourism,cTIcYYIthsAJ,Pdf,Tourism and integrated development: A geographic perspective,https://www.researchgate.net/profile/I-Aliu-2/publication/280736332_Ajala_OA_and_Aliu_IR2013_Tourism_and_Integrated_Development_A_Geographic_Perspective_Geografia_Malaysian_Journal_of_Society_and_Space_Vol9_no_1_pp107-117_GEOGRAFIA_Online/links/570939b908aea6608135872f/Ajala-OA-and-Aliu-IR2013-Tourism-and-Integrated-Development-A-Geographic-Perspective-Geografia-Malaysian-Journal-of-Society-and-Space-Vol9-no-1-pp107-117-GEOGRAFIA-Online.pdf,"OA Ajala, IR Aliu",Malaysia Journal of Society and Space,2013,… geography (location) and integrated development (tourism). … the crucial place of geography and tourism in integrated … Within geographic consideration the role that tourism plays …,,"OA Ajala, IR Aliu - Malaysia Journal of Society and Space, 2013 - researchgate.net",9,"https://scholar.google.com/scholar?cites=13872825740159627889&as_sdt=40000005&sciodt=0,22&hl=en&num=20","https://scholar.google.com/scholar?q=related:cTIcYYIthsAJ:scholar.google.com/&scioq=Geographical+tourism&hl=en&num=20&as_sdt=0,22","https://scholar.google.com/scholar?cluster=13872825740159627889&hl=en&num=20&as_sdt=0,22",https://www.researchgate.net/profile/I-Aliu-2/publication/280736332_Ajala_OA_and_Aliu_IR2013_Tourism_and_Integrated_Development_A_Geographic_Perspective_Geografia_Malaysian_Journal_of_Society_and_Space_Vol9_no_1_pp107-117_GEOGRAFIA_Online/links/570939b908aea6608135872f/Ajala-OA-and-Aliu-IR2013-Tourism-and-Integrated-Development-A-Geographic-Perspective-Geografia-Malaysian-Journal-of-Society-and-Space-Vol9-no-1-pp107-117-GEOGRAFIA-Online.pdf
Geographical tourism,51cHG9z0UXsJ,,Do socio-economic factors matter? A comprehensive evaluation of tourism eco-efficiency determinants in China based on the Geographical Detector Model,https://www.sciencedirect.com/science/article/pii/S0301479722013858,"L Guo, P Li, J Zhang, X Xiao, H Peng",Journal of Environmental …,2022,"… with spatial differentiation of tourism eco-efficiency by employing a novel geographical technique, namely the Geographical Detector Model. The results indicate that the tourism eco-…",,"L Guo, P Li, J Zhang, X Xiao, H Peng - Journal of Environmental …, 2022 - Elsevier",93,"https://scholar.google.com/scholar?cites=8886152765962147815&as_sdt=40000005&sciodt=0,22&hl=en&num=20","https://scholar.google.com/scholar?q=related:51cHG9z0UXsJ:scholar.google.com/&scioq=Geographical+tourism&hl=en&num=20&as_sdt=0,22","https://scholar.google.com/scholar?cluster=8886152765962147815&hl=en&num=20&as_sdt=0,22",http://www.sssampling.cn/down/2022%20Guo%20LJ%20-%20eco%20q%20-%20JEM.pdf
Geographical tourism,TKO8OMbFJTEJ,,Accounting for cultural meanings: the interface between geography and tourism studies re-examined,https://journals.sagepub.com/doi/abs/10.1177/030913259401800101,SJ Squire,Progress in Human Geography,1994,"… research interface between geography and tourism studies. First, selected trends in tourism geography are outlined briefly and aspects of the relationship between tourism, culture and …",,"SJ Squire - Progress in Human Geography, 1994 - journals.sagepub.com",213,"https://scholar.google.com/scholar?cites=3541454137142846284&as_sdt=40000005&sciodt=0,22&hl=en&num=20","https://scholar.google.com/scholar?q=related:TKO8OMbFJTEJ:scholar.google.com/&scioq=Geographical+tourism&hl=en&num=20&as_sdt=0,22","https://scholar.google.com/scholar?cluster=3541454137142846284&hl=en&num=20&as_sdt=0,22",
Geographical tourism,i4ZbfzAjwyMJ,,Towards a geography of the geography of tourism: Issues and examples from New Zealand,https://www.tandfonline.com/doi/pdf/10.1080/14616689908721334,DG Pearce,Tourism Geographies,1999,… shape a national geography of tourism? • What are the implications of the existence of national geographies of tourism for the overall development of the geography of tourism? The first …,,"DG Pearce - Tourism Geographies, 1999 - Taylor & Francis",31,"https://scholar.google.com/scholar?cites=2576942102988162699&as_sdt=40000005&sciodt=0,22&hl=en&num=20","https://scholar.google.com/scholar?q=related:i4ZbfzAjwyMJ:scholar.google.com/&scioq=Geographical+tourism&hl=en&num=20&as_sdt=0,22",,https://www.tandfonline.com/doi/pdf/10.1080/14616689908721334
Geographical tourism,AUVb1DyPxl4J,,Internet of Things: Geographical Routing based on healthcare centers vicinity for mobile smart tourism destination,https://www.sciencedirect.com/science/article/pii/S0040162517305292,"W Almobaideen, R Krayshan, M Allan…",… Forecasting and Social …,2017,"… geographical route from a source to a tourism … geographical routes that are best served with close medical centers. Our approach, called Geographical Routing for Mobile Tourist (GRMT)…",,"W Almobaideen, R Krayshan, M Allan… - … Forecasting and Social …, 2017 - Elsevier",148,"https://scholar.google.com/scholar?cites=6829303376377496833&as_sdt=40000005&sciodt=0,22&hl=en&num=20","https://scholar.google.com/scholar?q=related:AUVb1DyPxl4J:scholar.google.com/&scioq=Geographical+tourism&hl=en&num=20&as_sdt=0,22","https://scholar.google.com/scholar?cluster=6829303376377496833&hl=en&num=20&as_sdt=0,22",
